,filename,texts
0,img/14_03.jpg,"LIVING,ROOM,THEATERS,KENNY,ZUKE,DELICATESSEN,CLYDE,COMMON,ACE,HOTEL,PORTLAND,ROSE,CITY,BOOKS,STUMPTOWN,COFFEE,ROASTERS,RED,CAP,GARAGE,FISH,GROTTO,SEAFOOD,RESTAURANT,AURA,RESTAURANT,LOUNGE,ROCCO,PIZZA,PASTA,BUFFALO,EXCHANGE,MARK,SPENCER,LIGHT,FEZ,BALLROOM,READING,FRENZY,ROXY,SCANDALS,MARTINOTTI,CAFE,DELI,CROWSENBERG,HALF"
1,img/14_04.jpg,"PORTLANDIA,PORTLAND,BUILDING,AUDITORIUM,PACWEST,CENTER,SEATTLE,BEST,COFFEE,THE,MELTING,POT,CITY,BUREAU,RISK,MANAGEMENT,SCHNITZER,CONCERT,HALL,HEATHMAN,HOTEL,STANDARD,PLAZA,STEAMERS,ASIAN,STREET,BISTRO,EWEN,GISVOLD,GUS,SOLOMON,UNITED,STATES,COURTHOUSE,TREES,RESTAURANT,CATERING,CONGRESS,INTERNATIONAL,RELATIONS,TRANSPORTATION,DEPARTMENT,DUFFY,KEKEL,LLP,INSURANCE,TICHENOR,DZIUBA,LLP,CONKLING,FISKUM,MCCORMICK"
2,img/06_08.jpg,"LULA,ANTIQUE,MALL,ZUBAR,TEPPO,YAKITORI,SUSHI,BAR,GEZELLIG,WHISKY,GREENVILLE,AVENUE,PUBLIC,HOUSE,THE,GIRLS,ROOM,ZYMOLOGY,HOTEL,CAPRI,SERVICE,PIZZA,BILLIARD,SUEDE,ZEPHYRS,PATIO,LOUNGE,ELAN,MAKEUP,STUDIO,NANDINA,ASIAN,TAPAS,OLD,CROW,SLICE,SUGAR,CREEK,EIGHT"
3,img/00_12.jpg,"SUBWAY,KFC,PIZZA,TIME,BALL,LEMON,COIN,LAUNDRY,WESTERN,MEDICAL,CENTER,ANAHEIM,ANNA,HAIR,SALON,MARISCOS,NAYARIT,RESTAURANT,POLLO,LOCO,WATER,BOY,DONALD,ALCOHOL,AND,DRUG,ABUSE,TREATMENT,DEE,BEST,BUILDING,MAINTENANCE,HOT,LINE,BURGER,KING,ELEVEN,BUENA,PARK,HONDA,SUZUKI,CONCORD,EQUIPMENT,COMPANY,SHOE,CITY,OUTLET,SLEEP,HUMAYON,KHAN"
4,img/15_15.jpg,"GHIRARDELLI,CHOCOLATE,GREYSTONE,THE,STEAKHOUSE,GASLAMP,QUARTER,ASSOCIATION,BORDERS,BOOKSTORE,BOOKS,MUSIC,MOVIES,HENRY,PUB,RESTAURANT,FIESTA,LOUNGE,BAR,HOSTELLING,INTERNATIONAL,USA,URBAN,OUTFITTERS,CHIANTI,WHISKEY,GIRL,HOSTELS,SAN,DIEGO,CHEESE,SHOP,TRATTORIA,STRADA,JIMMY,LOVE,ROCK,BOTTOM,BREWERY,BLUE,POINT,COASTAL,CUISINE,LIME,OSTERIA,PANEVINO,ASTI,RISTORANTE,FINE,DINING,SIDE"
5,img/04_04.jpg,"CAM,PHOTO,IMAGING,THRIFT,LUX,CLEANERS,LOTUS,CHINESE,GOURMET,MASTER,NAILS,CUTTING,EDGE,GLENOAK,SHOE,REPAIR,VIVALDI,FLORIST,GIFTS,GOOD,TIME,VIDEO,ELEVEN,GROWING,YEARS,KINGS,COMIX,FLAMINGO,INSURANCE,UNIVERSITY,TRAVEL,SERVICES,BLOCK,INCOME,TAX,PREPARATION,RISHA,ENGINEERING,GROUP,ASSOCIATES,BARDI,PET,HAVEN,LINA,BEAUTY,SALON,CARE,CONCEPTS,COLONY,THEATRE,DATA,LINE"
6,img/12_07.jpg,"WINDSOR,SUITES,PHILADELPHIA,FRIENDS,SELECT,SCHOOL,MARRIOTT,EXECUSTAY,MACE,CROSSING,EMBASSY,HOTEL,CATHEDRAL,PETER,PAUL,OFFICE,MEXICAN,POST,SHERATON,CITY,CENTER,BELL,ATLANTIC,SUBWAY,TGI,FRIDAY,ASIA,THE,PARKWAY,CON,MURPHY,KUJAKU,CAFE,MARABELLA,RESTAURANT,BANK,NEW,YORK,MELLON,TIR,NOG,BAR,GRILL,CENTRAL,PARKING,SYSTEMS,DESILVERIO,ROBERT"
7,img/06_11.jpg,"BANGKOK,INN,CALLE,DOCE,REDENTA,GARDEN,GOLD,RUSH,CAFE,YORK,STREET,CONSIGNMENT,SOLUTION,BENNY,BAGELS,EAST,DALLAS,DEVELOPMENTAL,CENTER,XMAXGAMES,LLC,COFFEE,TIPPERARY,POUR,HOUSE,COUNSELING,EVANS,JOHN,BAKER,PHD,METRO,PAWS,ANIMAL,HOSPITAL,GENERAL,CHINA,RESTAURANT,PAPERBACKS,PLUS,BOULEVARD,REALTY,PETER,POHLS,WINE,THERAPIST,LAKEWOOD,LANDING,PIZZA,HUT"
8,img/08_16.jpg,"ALDEN,HOUSTON,HUBCAB,GRILL,MAGNOLIA,HOTEL,ABC,BONDING,CHRIST,CHURCH,CATHEDRAL,LIVE,SPORTS,CAFE,TREEBEARD,RESTAURANT,TOMATO,LADY,KITCHEN,QUISINE,RONNIE,HARRISON,MOLLY,PUB,MERCURY,ROOM,THE,HOLLYWOOD,SANDWICH,SPECIALTY,RACHEL,SHOP,LITTLE,NAPOLI,ITALIAN,RESTURANT,LAURA,MAFRIGE,ENTERPRISES,CAVA,BISTRO,AMERICAN,COMPASS,INC,GMS,DENTAL,BAKER,CHRISTOPHER,DDS"
9,img/05_12.jpg,"MAX,TOWING,MARIACHI,MEXICO,VIVO,RESURRECTION,PROJECT,KEVIN,SMITH,PHOTOGRAPHY,INTERNATIONAL,RECORDS,ILLINOIS,ENGINEERED,PRODUCTS,CASA,AZTLAN,ACORN,WIRE,IRON,WORKS,LLC,AEROTECHTURE,INC,MAY,STREET,CAFE,PONCE,BUILDERS,CHICAGO,BATHROOM,HOME,RENOVATION,AND,REMODELING,OPEN,KITCHENS,DVORAK,PARK,MASONRY,AND,CONCRETE,CONTRACTORS,PEREZ,PUBLIC,SCHOOL,MEALS,WHEELS,HONKY,TONK,BBQ,PILSEN,ALLIANCE,DENTIST,BROADWAY,COSTUMES"
10,img/00_08.jpg,"MARBLE,YARD,ANAHEIM,GRANITE,ORION,TILE,INC,ORANGE,COUNTY,TOWING,SERVICES,COVERKING,INTERSTATE,ELECTRONICS,DELTA,WYE,ELECTRIC,CDR,CONCRETE,STONE,PRODUCT,VFS,FIRE,PROTECTION,VIKING,SUPPRESSION,SYSTEM,JIM,WELDING,SOUTH,COAST,SURFACES,SUPERIOR,GASKET,SEAL,MICHAELANGELO,FAB,FOTO,CABINA,ACTION,SOUTHLAND,CITY,ELEM,SCHOOL,DISTRICT,LUCHETTI,IMAGINATION,LIGHTING"
11,img/00_01.jpg,"BEST,VALUE,ASTORIA,INN,AND,SUITES,ANAHEIM,VILLAGE,HOTEL,MENAGE,STARBUCKS,HARBOR,CHEVRON,TACO,BELL,HOLIDAY,STREET,FARE,UNION,TAXI,CAB,INC,LAURA,LEON,FAMILY,DENTISTRY,JIN,KWAK,SHELL,DISNEYLAND,RESORT,CALIFORNIA,TTY,FOR,HEARING,IMPAIRED,RESERVATIONS,COZZMAR,INSURANCE,BIGS,PIZZA,MORE,DAYS,APOLLO,FUNDING,INC,AUTO,CARE,MATT,KURILICH,LAW,OFFICES,CASA"
12,img/01_10.jpg,"PAYLESS,SHOE,SOURCE,UNDERGROUND,ATLANTA,WACHOVIA,BANK,FIVE,POINTS,STATION,UNIVERSITY,PLACE,LITTLE,ITALY,PIZZA,JOHNNY,ROCKETS,RAINBOW,KIDS,IMMACULATE,CONCEPTION,EASTER,SEALS,KANDLESTIX,ATL,CUSTOMS,CITY,NAILS,MICK,GEORGIA,STATE,SWEET,CORNER,DUPSIE,AFRICAN,CLOTHING,CHINA,SUB,AIR,COMM"
13,img/03_19.jpg,"ARES,THRIFT,SHOP,ROCKY,MOUNTS,SALVAGGIO,ITALIAN,DELI,SALON,SABIHA,LLC,SPRUCE,INTERNAL,MEDICINE,BROWNE,HILLARY,GOODTIMES,GOOGLE,SPORTIQUE,SCOOTERS,LING,SHEILA,MARY,LANGLOIS,IVAN,GERRITY,AGENCY,MIKE,CAMERA,INC,TOLEDO,GLASS,OLIVE,GARDEN,HAWLEY,BEAR,ALIGNMENT,SERVICE,PEARL,STREET,DENTAL,COLORADO,DAILY,BEADS,BARNSLEY,TIRE"
14,img/00_09.jpg,"GOODWILL,CHAIN,REACTION,DENNY,RADIO,SHACK,DAYTONA,CAR,WASH,TARGET,JUGO,DESIGNS,INC,COUPLES,MEGA,OUTLET,ACCURATE,BOOKKEEPING,NOTARY,INCOME,TAX,PAYROLL,YMCA,VENTURE,GROUP,LEED,MATTRESS,STORES,LOS,OLIVOS,BOX,PAMPAS,APARTMENTS,ARBY,MULTIMEDIA,ANAHEIM,CHEVROLET,GEO,LOARA,ELEMENTARY,SCHOOL,ABC,LIQUIDATORS"
15,img/16_19.jpg,"AMOEBA,MUSIC,CHA,GIANT,ROBOT,SKATES,HAIGHT,MILK,STANYAN,PARK,HOTEL,KAN,ZAMAN,CAFE,ROCKIN,JAVA,JOHN,MURIO,TROPHY,ROOM,KEZAR,PUB,RESTAURANT,RED,VICTORIAN,MOVIE,HOUSE,ALEMBIC,THE,CITRUS,CLUB,DONALD,AVENUE,CYCLERY,BAR,ESCAPE,FROM,NEW,YORK,PIZZA,CHRISSY,BEE,ZONA,ROSA,YOGA,TREE"
16,img/02_19.jpg,"BROWN,ARCADE,MICK,SHEA,IRISH,PUB,CAZBAR,THE,PARK,HOTEL,LUMBINI,RESTAURANT,OLD,PAUL,CHURCH,SHOGUN,INC,BASILICA,THE,ASSUMPTION,SOTTO,SOPRA,BALTIMORE,MILTON,GRILLE,BANTHAI,HOSTEL,MAISY,COPRA,SUPER,FRESH,DIE,MUSIK,COMFORT,INN,SUITES,FOR,EYES,OPTICAL"
17,img/12_11.jpg,"PHILADELPHIA,BELLA,VISTA,BED,BREAKFAST,AND,MOTELS,HOTELS,HOSTELS,TOURIST,ATTRACTIONS,DANTE,LUIGIS,MORNING,GLORY,ISGRO,PASTRIES,RALPH,ITALIAN,RESTAURANT,SABRINA,CAFE,BEER,DISTRIBUTORS,INC,SARCONE,DELI,HIRSCH,CHARLENE,DMD,PAUL,CATHOLIC,CHURCH,PALUMBOS,CONESTOGA,BANK,MEW,GALLERY,LLC,MAGIC,GARDENS,SON,PALUMBO,RECREATION,CENTER,MNB,ARCHITECTURE,HAWTHORNES,LORENZO,PIZZA,ACADEMY"
18,img/00_14.jpg,"ORIGINAL,PANCAKE,HOUSE,ABRAHAM,LINCOLN,ELEMENTARY,PHARMACY,MOORE,UPHOLSTERER,REINBOLD,GALLERY,PHOTOGRAPHY,GRUPO,RECUPERACION,ALCOHOLICOS,ANTHONY,ROSS,STUDIO,ALICIA,TRAVEL,CHA,HEARING,AID,CENTER,ORANGE,COUNTY,FIRE,SERVICES,ASSOCIATION,MAMMA,MINI,MART,MARI,HAIR,DESIGN,PARKVIEW,HEALTHCARE,PRO,TAX,SUPER,VIDEO,UNITED,OPTICAL,LEMON,TREE,HOTEL,KITCHEN,SUITES,DONES,FAMILY,DENTISTRY,DIAZ,PROFESIONALES,HISPANA,HOMES"
19,img/09_06.jpg,"LIVING,ROOM,LOUNGE,URBAN,ELEMENT,INDIANAPOLIS,RUBBER,STAMP,DATSA,PIZZA,IDN,HOFFMAN,INC,LUCILLE,RAINES,RESIDENCE,APPEL,JOHN,MARION,COUNTY,PUBLIC,LIBRARY,CROSSROADS,BAPTIST,ASSOCIATION,ABBEY,COFFEE,HOUSE,VOLUNTEERS,AMERICA,METROPOLITAN,CENTER,ARTIFICIAL,LIMB,CORPORATION,CASTLETON,INN,RADIO,ONE,LOCKERBIE,COURT,APARTMENTS,ARVEY,PAPER,OFFICE,PRODUCTS,PPG,PORTER,PAINTS,HVAF,INDIANA,BUCKINGHAM,COMPANIES"
20,img/02_04.jpg,"BABE,RUTH,BIRTHPLACE,AND,MUSEUM,CAMDEN,PUB,PENN,CARRY,OUT,RESTAURANT,PEACE,CUP,JOE,INC,UNIVERSITY,MARYLAND,MEDICAL,CENTER,HAMPTON,INN,BALTIMORE,DOWNTOWN,CONVENTION,HOTEL,INSTITUTE,EMERGENCY,RIDGELYS,DELIGHT,HISTORIC,DISTRICT,SAIL,CLOTH,FACTORY,CHIEF,EXAMINER,OFFICE,SERVICES,PICKLES,NATIONAL,DENTISTRY,UNIV,MED,SYSTEM,RICHARDSON,DENISE,CYSCOM,ROBERT,BASS,ISLAND,CUISINE,AMBULANCE,LICENSING,GREENE,HOUSE,APARTMENTS,LLC"
21,img/03_10.jpg,"MACY,CROSSROADS,MALL,BOULDER,DAPHNE,GREEK,CAFE,HARPO,SPORTS,GRILL,LENSCRAFTERS,SLEEP,NUMBER,STORE,SELECT,COMFORT,WALKING,DOCTOR,OPTOMETRY,STAPLES,JAMBA,JUICE,A123,IMMEDIATE,MINUTES,LOCKSMITH,FIREHOUSE,SUBS,CINGULAR,WIRELESS,29TH,BICE,THE,BUCKET,AND,ROADSIDE,TOWING,RECOVERY,PEI,WEI,ASIAN,DINER,TCI,TIRE,CENTER,MODMARKET"
22,img/18_12.jpg,"REI,SEATTLE,FLAGSHIP,ALLEY,APARTMENTS,ESPRESSO,VIVACE,WORLD,WRAPPS,VELOCITY,ART,AND,DESIGN,SNOWBOARD,CONNECTION,CORAZON,SPA,BLIX,TOTTINI,COLE,WEBER,UNITED,WUNDERMAN,FEATHERED,FRIENDS,NBBJ,URBAN,BEAST,FOREST,SERVICE,OUTDOOR,SOUTHLAKE,GRILL,PLAY,AGAIN,SPORTS,SIGHTLIFE,PUJARI,CENTER"
23,img/15_02.jpg,"YARD,HOUSE,SAN,DIEGO,SUSHI,THE,GRANT,BELO,RESTAURANT,NIGHTLIFE,REI,GADO,BLUES,COURTYARD,DOWNTOWN,LOCAL,EATERY,CONFIDENTIAL,SUITE,TENDER,WESTGATE,HOTEL,STREET,ALLEY,DAKOTA,GRILL,SPIRITS,OSETRA,WATERGRILL,FORMERLY,THE,FISHHOUSE,ELIXIR,ESPRESSO,BAR,BROADWAY,EVENT,CENTER,RUBIO,SUBWAY,POOL,TIME,SWIMMING,REPAIR,TILING"
24,img/14_16.jpg,"MCMENAMINS,PUBS,CRYSTAL,BALLROOM,RINGLERS,PUB,EVERYDAY,MUSIC,CACAO,MASU,CASSIDY,RESTAURANT,JAKE,FAMOUS,CRAWFISH,HENRY,12TH,STREET,TAVERN,ANNEX,ODESSA,EAGLE,PORTLAND,SCOOTER,QUADES,MENAMINS,HISTORIC,PROPERTIES,WHOLE,FOODS,MARKET,PEARL,HOOD,SKIBOWL,WINTER,RESORT,SILVERADO,DUST,DIAMONDS,DETAIL,ANTHROPOLOGIE,ART,THE,INSTITUTE,CONTEMPORARY"
25,img/03_08.jpg,"TEN,TIMBERLINE,FINE,FURNITURE,DISH,COLOR,MINE,MATEO,BOULDER,COOPERATIVE,MARKET,PEERLESS,TYRE,COLORADO,BUSINESS,BANK,FOUR,STAR,REALTY,AND,PROPERTY,MANAGEMENT,INC,BARTLETT,INTERIORS,PLANETARY,SOLUTIONS,METRO,HOME,STORE,BARRETT,STUDIO,ARCHITECTS,VECCHIO,BICICLETTERIA,ESPRESSORIA,GARTH,BRAUN,ASSOCIATES,WHITTIER,ELEMENTARY,SCHOOL,COCONA,EVELYN,BASSOFF,PHD"
26,img/06_05.jpg,"MAI,VIETNAMESE,RESTAURANT,JIMMY,FOOD,STORE,JADE,GARDEN,CHINESE,FRENCH,SANDWICHES,DALLASITE,BILLIARDS,URBANO,CAFE,BINH,MINH,MARKET,DALLAS,COSMETIC,DENTIST,CRIMINAL,LAWYER,PINTIP,CHARUNMETHEE,DDS,NGUYEN,TRAN,ASSOCIATES,1410,THE,DALAT,ISAMARE,BEVERAGE,INC,BRYAN,PLACE,DENTAL,ALESSIO,RISTORANTE,LND,HAIR,STUDIO,ALLCARE,FAMILY,CLINIC,TOY,TRAINS,UNLIMITED,LIVE,OAK,ROOMING,HOUSE"
27,img/01_02.jpg,"HOLIDAY,INN,ATLANTA,DOWNTOWN,WORLD,CONGRESS,CTR,SHERATON,HOTEL,UPTOWN,RESTAURANT,LOUNGE,MARRIOTT,MARQUIS,SOL,LIQUOR,HERTZ,LOCAL,EDITION,COURTLAND,STREET,165,GYRO,KING,PEACH,PACKAGE,GINGER,BAY,CAFE,TRADER,VIC,PEACHTREE,CENTER,ATHLETIC,CLUB,HILTON,MYSTERY,DINNER,THEATER,AGATHA,NIKOLAI,ROOF,UPS,STORE,AVIS,RENT,CAR,FLOOD,WATER,DAMAGE,AND,RESTORATION,COCA,COLA,WINGS"
28,img/09_04.jpg,"CIRCLE,CENTRE,MALL,PALOMINO,STEAK,SHAKE,HOULIHAN,CANTERBURY,HOTEL,ELMO,HOUSE,CHAMPPS,AMERICANA,RUTH,CHRIS,DOWNTOWN,INDIANAPOLIS,CHANG,CHINA,BISTRO,RAM,RESTAURANT,BREWERY,ALCATRAZ,BREWING,DENTIST,THE,MIKADO,JAPANESE,CONRAD,HOTEL,SOUTH,MERIDIAN,REGAL,HARRY,IZZY,WEST,BERTOLINI,AUTHENTIC,TRATTORIA"
29,img/14_15.jpg,"GENIES,FOXFIRE,TEAS,TROPICAL,SALVAGE,MOTOKITTY,MODIFIED,TAOIST,TAI,CHI,SOCIETY,USA,MAKOOL,PORTLAND,HEALTH,WELLNESS,DAN,PALMER,FINE,JEWELERS,PONYTAIL,PHOTOGRAPHY,ARTEMIS,FOODS,CATERING,AND,CAFE,DOGTOWN,PET,SUPPLY,FANCY,SALON,FIORI,ARAKAWA,HANGING,SYSTEMS,SOLSTICE,VIDEO,PRODUCTIONS,MON,AMOUR,DUCHESS,CLOTHIER,BLITZ,LADD,COLLEEN,CAHILL,PHOTOGRAPHER,MUSE,MODEL,MANAGEMENT"
30,img/16_09.jpg,"YANK,SING,RESTAURANTS,CHEVRON,TOWER,MORGAN,PRIVATE,BANK,LOUIE,BAR,AND,GRILL,GOLDEN,GATE,UNIVERSITY,SALT,HOUSE,ORGANIC,INC,SATORI,YOGA,STUDIO,BARE,ESCENTUALS,SEPHORA,USA,MIXT,GREENS,BBDO,WEST,STACEY,BOOKSTORE,ONE,BUSH,PLAZA,MILLENNIUM,SAN,FRANCISCO,CENTRAL,PARKING,SYSTEM,TRIBAL,DDB,CHIPOTLE,MEXICAN,GGU,STUDENT,CENTER,CAFE,REALITY,DIGITAL"
31,img/11_14.jpg,"DETROIT,JOES,ORIGINAL,CONEY,MANUEL,THE,28TH,DIXIE,CAFE,EMPIRE,SZECHUAN,BELLE,FURS,OUTERWEAR,BILLY,JACKSON,LAW,OFFICE,250,NORTH,ORANGE,AVE,LLC,MARYBETH,MCDONALD,OFCS,BANK,AMERICA,MINI,MART,JAVA,LAVA,COFFEE,SHOP,DIOCESE,ORLANDO,CATHOLIC,MAGICTECH,COMPUTERS,DAKOTA,MICROFILM,SERVICES,FEDEX,PRINT,SHIP,CENTER,CLUB,LIMELITE,SIR,SPEEDY,PRINTING,NYPD,SERGIO,FRANK,EIDSON"
32,img/17_04.jpg,"GOMBEI,JAPANESE,RESTAURANT,SAN,JOSE,TOFU,KUBOTA,ROY,STATION,COFFEE,TEA,OMOGARI,KOREAN,SEVEN,BAMBOO,SHUEI,MANJU,SHOP,SHABU,NIJIYA,MARKET,HUKILAU,SAKURA,NAIL,BAR,KUMAKO,KAITA,TSUGARU,KAMIMOTO,STRING,INSTRUMENTS,KAZOO,MINATO,CUISINE,SHABURI,WING,CHINESE"
33,img/04_03.jpg,"KINGS,COMIX,CABO,TAN,LUCAS,TANNING,CENTER,GILBERT,CLEANERS,LOTUS,CHINESE,GOURMET,MODERN,BARBER,SHOP,LILY,CAFE,CAM,PHOTO,IMAGING,MARKET,HEALTH,THE,CLEANING,STORE,BURBANK,LAWNMOWER,THIRST,QUENCHER,LIQUORS,DOMINO,PIZZA,MOBILE,APOLLO,RESTAURANT,CARTOON,NETWORK,STUDIOS,REVITOL,CORPORATION,CARTY,TALENT,INC,NAILS,STATE,FARM,INSURANCE,COMMUNITY,YMC"
34,img/08_01.jpg,"COURTYARD,HOUSTON,DOWNTOWN,CONVENTION,CENTER,RESIDENCE,INN,POLICE,DEPARTMENT,HUMBLE,TOWER,APARTMENTS,GONZALEZ,STARBUCKS,MACYS,THE,TIPPING,POINT,JAMES,CONEY,ISLAND,HYATT,HOTELS,RESORTS,REGENCY,ZERO,SANDWICH,SHOP,LOUISIANA,PLACE,FIRST,UNITED,METHODIST,CHURCH,RELIANT,ENERGY,PLAZA,FOUNDATION,MCDONALD,EXPRESS,PASO,PRODUCTION,EDGE,PETROLEUM,CORPORATION"
35,img/08_06.jpg,"JAMES,CONEY,ISLAND,COURTYARD,HOUSTON,DOWNTOWN,CONVENTION,CENTER,ZERO,SANDWICH,SHOP,RESIDENCE,INN,POLICE,DEPARTMENT,MACYS,HUMBLE,TOWER,APARTMENTS,HYATT,HOTELS,RESORTS,REGENCY,MCDONALD,PASO,PRODUCTION,LOUISIANA,PLACE,GONZALEZ,RELIANT,ENERGY,PLAZA,STARBUCKS,FASTSIGNS,SIGNS,AND,GRAPHICS,CENTERPOINT,SUBWAY,WILCOX,OIL,GAS,INC,POST,OAK,GRILL"
36,img/06_04.jpg,"LOUIE,BARCADIA,LLC,PEARL,CUP,LLC,THE,CAFE,SAN,MIGUEL,BLUE,COLLAR,BAR,SAVE,WAY,GROCERY,STORE,NEW,FLOWER,MARKET,SPUTNIK,ARE,1976,INC,ALFREDO,ITALIAN,CUISINE,AND,SEAFOOD,RELOCATING,COUTURE,CONFECTIONS,POLE,DANCE,WORKOUTS,FITNESS,CLASSES,VERT,WELLNESS,CENTER,SANDY,JOHN,KENNEDY,LEARNING,TAQUERIA,LUPITA,AGAIN,DESIGN,STUDIO,GARZA,CHIROPRACTIC,CHILDREN,ORAL,HEALTH"
37,img/09_02.jpg,"DAYS,INN,INDIANAPOLIS,BAA,LLC,RED,ROOF,INNS,NORTH,AEROFINITY,INC,HELICOPTERS,HELIPORT,UNITED,STATES,GOVERNMENT,GENERAL,SERVICES,ADMINISTRATION,FEDERAL,BUILDINGS,OPERATION,AND,LEASING,GOODMAN,JEWELERS,SQUARED,COMMUNICATIONS,WTTS,MAVRIS,ARTS,EVENT,CENTER,KUNZ,RESTORATIONS,CRITICAL,CARE,TRANSPORT,MARKET,SQUARE,ARENA,STUDENT,ATLAS,HOTEL,JOHN,OBERLIES,CONSULTING,ENGINEERS,KEVIN,JONES,CHEM,DRY,SENTINEL,OFFENDER,WEIR,ASSOCIATES"
38,img/09_09.jpg,"THERAPY,NIGHT,CLUB,LOUNGE,CIRCLE,CITY,PIZZA,OZZIE,BAR,GRILL,CHEESEBOUROUGH,BORUTA,FRAZIER,ASSOCIATES,FLANNER,AND,BUCHANAN,FUNERAL,CENTER,MARKET,SUN,KING,BREWING,LLC,ROSCOE,STOVALL,LAW,AXIS,ARCHITECTURE,INTERIORS,MILAGRO,INC,MAXINE,CHICKEN,WAFFLES,DILK,GARY,BROWN,TOMPKINS,LORY,SHIRT,PRINTING,INDIANAPOLIS,XTREME,GRAPHICS,CREMATION,INDIANA,PAYDAY,LOANS,COURTYARD,LANE,CHRISTOPHER,WEINLAND,THOMAS,MCMANUS,ASSOICATES,NORTHSIDE"
39,img/17_19.jpg,"EULIPIA,RESTAURANT,BAR,ANNO,DOMINI,AGENDA,LOUNGE,SAINTE,CLAIRE,HOTEL,ORIGINAL,JOE,WET,NIGHTCLUB,MOTIF,HOOKAHNITES,HUNTERS,VIDEO,SOUTH,FIRST,BILLIARDS,CLUB,AND,HIVE,SAN,JOSE,MARRIOTT,SOFA,FORNAIO,RAMADA,LIMITED,MOSAIC,JERSEYS,THE,BLUE,CHIP,CAFE,MATISSE,CONVENTION,CENTER,GLO"
40,img/16_00.jpg,"GRAND,HYATT,SAN,FRANCISCO,LEVI,STORE,UNION,SQUARE,GRANDVIEWS,THE,VESSEL,CAMPTON,PLACE,HOTEL,SIR,FRANCIS,DRAKE,NIKE,TIFFANY,FOLK,ART,INTERNATIONAL,SUTTER,STOCKTON,GARAGE,450,BUILDING,SCALA,BISTRO,WILLIAMS,SONOMA,POST,STREET,HARRY,DENTON,STARLIGHT,ROOM,MARRIOTT,ZARA,KARIKTER,LASSEN,TOUR,TRAVEL,INC,UGG,AUSTRALIA,GREEN,DENTISTRY"
41,img/13_05.jpg,"PORTAL,RESTAURANT,GRANT,PARK,AMERICAN,LEGION,FRIENDLY,HOUSE,HOME,CARE,RUBY,ROOM,POOL,PROZ,ASU,DORMS,ATM,SERVICE,REPAIR,EEG,PRINTING,SERVICES,PROPERTY,LLP,ANTHONY,CATHOLIC,CHURCH,QUEEN,LIQUORS,COMMERCIAL,STAFFING,WELLS,FARGO,BANK,MIRANDA,CUSTOMS,PHOENIX,PRODUCE,ARTISTIC,FORGE,METAL,DESIGNS,AWEBCHROME,NET,CHICANOS,POR,CAUSA,FEDERAL,PIANO,TUNING,SPECIALIST,THE,MAN"
42,img/07_14.jpg,"THE,BROWN,PALACE,HOTEL,AND,SPA,SHIP,TAVERN,COMFORT,INN,DOWNTOWN,REPUBLIC,PLAZA,DENVER,WELLS,FARGO,BANK,ELLYNGTON,1600,GLENARM,PLACE,LUXURY,APARTMENTS,THE,CHURCHILL,BAR,AFTERNOON,TEA,STARBUCKS,TRINITY,GRILLE,WORLD,TRADE,CENTER,EDUCATIONAL,PARAMOUNT,THEATRE,EARLS,RESTAURANT,BAKER,HUGHES,16TH,STREET,MALL,ENCANA,OIL,GAS,USA,INC,1670,BROADWAY,DELECTABLE,EGG2"
43,img/08_19.jpg,"MACYS,RELIANT,ENERGY,PLAZA,COURTYARD,HOUSTON,DOWNTOWN,CONVENTION,CENTER,RESIDENCE,INN,HUMBLE,TOWER,APARTMENTS,STARBUCKS,FOLEY,DEPARTMENT,STORE,ACADEMY,FOREVER,BOOKS,MILLION,MCCORMICK,SCHMICK,PASO,PRODUCTION,POLICE,SUNGLASS,HUT,THE,TIPPING,POINT,CHUTNEYS,INDIAN,RESTAURANT,CORNER,BAKERY,CAFE,JAMES,CONEY,ISLAND,CAMILLE,SIDEWALK,POPEYE,CHICKEN,BISCUITS"
44,img/17_11.jpg,"MIRAIDO,VILLAGE,APARTMENTS,NIJIYA,MARKET,KAZOO,RESTAURANT,HUKILAU,JAPANTOWN,BUSINESS,ASSOCIATION,SUSHI,MARU,SHUEI,MANJU,SHOP,BANANA,CREPE,TSUGARU,JAPANESE,DOBASHI,MKT,INCORPORATED,MINATO,CUISINE,OKAYAMA,KAITA,KUBOTA,KUMAKO,GOMBEI,BLOCKBUSTER,VIDEO,NISHIME,ROBERT,SAN,JOSE"
45,img/07_05.jpg,"BENDERS,TAVERN,COREPOWER,YOGA,GRANT,BUFFALO,EXCHANGE,CITY,LUCKY,FORTUNE,CHINESE,RESTAURANT,DOMINO,PIZZA,WATERCOURSE,BAKERY,PANDORA,JEWELRY,MOXIE,HAIR,CAPITOL,HEIGHTS,APARTMENTS,TOKYO,JOE,MOLLY,BROWN,HOUSE,MUSEUM,CAMELLIA,CUSTOM,TAILORS,QUIZNOS,IYER,LAW,OFFICE,LLC,CRIMINAL,ATTORNEY,COLORADO,HISTORY,SPA,TUNE,DENVER,HILL,PUBLIC,LIBRARY"
46,img/07_11.jpg,"CHEEKY,MONK,BELGIAN,BEER,CAFE,CATHEDRAL,IMMACULATE,CNCPTN,GREAT,WALL,CHINESE,RESTAURANT,RED,ROOM,AND,BAR,TAKI,DENVER,PRIVATE,INVESTIGATOR,MILE,HIGH,INVESTIGATIONS,DUMAN,CUSTOM,TAILOR,WOLFE,BARBEQUE,NOB,HILL,INN,COLORADO,STATE,CAPITOL,DONALD,ATTORNEY,MOLLY,BROWN,HOUSE,MUSEUM,ROSLYNN,GRILL,ABEJA,ACACIA,APARTMENTS,DRUG,LIQUOR,GARCIA,RICHARD,ATTY,WALNUT,CITY,GRILLE"
47,img/07_00.jpg,"COLORADO,STATE,CAPITOL,SHISH,KABOB,GRILL,HILL,BOOKS,CATHEDRAL,IMMACULATE,CNCPTN,RED,ROOM,RESTAURANT,AND,BAR,CITY,GRILLE,WOLFE,BARBEQUE,JERRY,RECORD,EXCHANGE,TAKI,DENVER,PRIVATE,INVESTIGATOR,MILE,HIGH,INVESTIGATIONS,SATELLITE,GOVERNMENT,LEGISLATURE,LEGISLATIVE,LEGAL,SERVICES,WALNUT,CAFE,JOEY,PIZZA,ARGONAUT,APARTMENTS,NEWHOUSE,HOTEL,EDUCATION,ASSOCIATION,EMILIO,THE,CAMBRIDGE,BROUSSARD,CREOLE"
48,img/14_00.jpg,"PGE,PARK,THE,AGENCY,ULTRA,SPORT,LOUNGE,PORTLAND,STATE,UNIVERSITY,CONTINUING,EDUCATION,MULTNOMAH,ATHLETIC,CLUB,MATADOR,END,KINGSTON,BAR,GRILL,MORRISON,APARTMENTS,PLAINFIELD,RESTAURANT,CHEERFUL,BULLPEN,BITTER,END,PUB,LLC,COFFEE,HOUSE,NORTHWEST,STADIUM,STATION,KINGS,HILL,SOUTHWEST,SALMON,GERMAN,RADIO,EAT,PIZZA,HOTLIPS,CIVIC,TOWERS,MAZATLAN,MEXICAN,STARBUCKS,MAX"
49,img/05_09.jpg,"WHOLE,FOODS,MARKET,DSW,SHOE,WAREHOUSE,CHICAGO,PANERA,BREAD,STARBUCKS,WHITE,PALACE,GRILLS,MICHAEL,ARTS,CRAFTS,COST,PLUS,WORLD,GAMESTOP,SOUTHGATE,OFFICE,DEPOT,PETSMART,STANDARD,PARKING,BANFIELD,THE,PET,HOSPITAL,FITNESS,HIRSCH,SHELDON,NEW,MAXWELL,STREET,STAPLES,SOIFER,NEIL,NAJAFI,CHRISTOPHER"
50,img/16_05.jpg,"BEST,WESTERN,AMERICANIA,CUSTOM,BURGER,AND,LOUNGE,CARRIAGE,INN,GOOD,HOTEL,MOTELS,SAN,FRANCISCO,INC,FLAMINGO,FEDERAL,BUILDING,SOMA,RESIDENCES,GENERAL,BEAD,ART,GLASS,BUTTONS,TONY,BALONYS,PIZZA,CITY,PAINTS,ROXANNE,CAFE,MISSION,RESTAURANT,HEAVEN,DOG,PEPPERS,ROSY,HEELS,SOUTH,MARKET,HEALTH,CENTER,RAMADA,DOWNTOWN,INCREDIBLE,ADVENTURES"
51,img/06_01.jpg,"GARDEN,CAFE,DALLAS,LAWYER,LITTLE,BEAN,IRENE,COREY,DESIGN,ASSOCIATES,QUAINT,HOME,GALLERY,WOOTTON,DALE,AAAA,PIANO,LOGISTICS,BLUE,DIAMOND,LIMOUSINES,PRODIGY,RENOVATIONS,MANDALAY,APARTMENTS,SOLARES,GEORGE,BEAUMONDE,GAWEL,DRUE,ROOF,RAISERS,HIGHER,GROUND,CONSULTANTS,MILLS,III,CPA,GONZALES,ANDY,HAMILTON,PHOTOGRAPHY,JAS,WALKER,ATTORNEY,SIGERCON"
52,img/17_12.jpg,"SUSHI,MARU,KAZOO,RESTAURANT,MIRAIDO,VILLAGE,APARTMENTS,NIJIYA,MARKET,MINATO,JAPANESE,CUISINE,HUKILAU,BANANA,CREPE,SHUEI,MANJU,SHOP,JAPANTOWN,BUSINESS,ASSOCIATION,TSUGARU,ESPLANADE,DOBASHI,MKT,INCORPORATED,NIKAKU,ARTS,KAITA,CUBAN,INTERNATIONAL,BLOCKBUSTER,VIDEO,KUMAKO,KUBOTA,NISHIME,ROBERT"
53,img/09_05.jpg,"COMPLEXIONS,SPA,SALON,BOUTIQUE,SCHOLARS,INN,GOURMET,CAFE,CHATHAM,TAP,MASS,AVENUE,PUB,INC,FORTY,FIVE,DEGREES,COMEDYSPORTZ,INDIANAPOLIS,YATS,RESTAURANT,METRO,NITE,CLUB,STOP,SAGE,745,BAR,GRILL,PHOENIX,THEATRE,AGIO,LLC,FIRE,FIGHTERS,MSM,SAKURA,URBAN,STUDIO,GOULDING,AND,WOOD,RUMBA,ART,BANK,ARCH,PROFESSIONAL,CITY,MARION,COUNTY,AGENCIES,SURVIVE,ALIVE"
54,img/02_14.jpg,"SABATINO,ITALIAN,RESTAURANT,CHIAPPARELLI,AMICCIS,ALDO,CAPRICCIO,CIAO,BELLA,VACCARO,PASTRY,SHOP,CAESAR,DEN,MIMMO,TAVOLA,LEO,ROMAN,CATHOLIC,CHURCH,FISHERMAN,WHARF,INNER,ISABELLA,STAR,SPANGLED,BANNER,FLAG,HOUSE,GIA,CAFE,CRAB,PASTA,FACTORY,BALTIMORE,DELLA,NOTTE,RISTORANTE,INDIA,RASOI,SCALA,DALESIO,LITTLE,ITLY"
55,img/16_03.jpg,"WARFIELD,CURRAN,THEATRE,CRAZY,HORSE,GENTLEMEN,CLUB,THEATER,DISTRICT,SAN,FRANCISCO,CALIFORNIA,TULAN,RESTAURANT,FARMERBROWN,SHOWDOGS,LUGGAGE,STORE,PEARL,ART,CRAFT,SUPPLIES,INC,SUITE,181,TAQUERIA,CANCUN,AUNT,CHARLIE,LOUNGE,TWENTY,ONE,TAYLOR,ORIGINAL,JOE,JOSSEY,BASS,WILEY,IMPRINT,HOTEL,METROPOLIS,UNDERGROUND,SMOKE,SHOP,ANU,BICYCLE,COALITION,NEW,GRAND,APARTMENTS"
56,img/05_08.jpg,"CHINATOWN,HOTEL,SRO,PUI,TAK,CENTER,THREE,HAPPINESS,RESTAURANT,WON,KOW,PENANG,MALAYSIAN,CUISINE,MOON,PALACE,NEW,CHINA,TOWN,CHOP,SUEY,EMPEROR,CHOICE,TRIPLE,CROWN,PHOENIX,GIFTLAND,INC,MARKET,SAINT,ALP,TEAHOUSE,CHAMBER,COMMERCE,DOUBLE,CHINESE,RED,WOKS,THINGS,KAM,FUNG,FEIDA,BAKERY"
57,img/06_15.jpg,"PHYSICIANS,DAY,SURGERY,CENTER,BAYLOR,SCHOOL,FOR,CHILDREN,CENTRAL,DALLAS,MINISTRIES,MEDCO,CONSTRUCTION,SURGICARE,TOM,LANDRY,FITNESS,FOSTER,LUNG,CARE,MILLARD,MARK,GERIATRICS,BAPTIST,GENERAL,CONVENTION,ORTHOPEDIC,ASSOCIATE,MOLLABASHY,ALLAADDIN,UNIVERSITY,NURSING,MARTHA,AKIRA,NUMAJIRI,THOMPSON,JOYCE,DONALD,KENNERLY,KRONENBERGER,MICHAEL,BROTHERS,SANDRA,ASSOCIATES,TEXAS,ALLERGY,POST,OFFICE"
58,img/15_16.jpg,"SAN,DIEGO,CIVIC,CENTER,WESTGATE,HOTEL,THE,GRANT,BRISTOL,4TH,AND,LOCAL,EATERY,OPERA,STATION,DOWNTOWN,JOHNNY,BROWN,YARD,HOUSE,FONTAINEBLEAU,RESTAURANT,SOFIA,KNSD,FOURTH,CONCERTS,SPECIAL,FONTAINBLEAU,SUSHI,DELI,BELO,NIGHTLIFE,BLUES,REI,GADO"
59,img/15_14.jpg,"COMFORT,INN,GASLAMP,CONVENTION,CENTER,BUCA,BEPPO,SAN,DIEGO,ZANZIBAR,CAFE,PANNIKIN,COFFEE,TEA,NEIGHBORHOOD,CHOPAHN,AUTHENTIC,AFGHAN,CSN,EXY,CLOSED,GHIRARDELLI,CHOCOLATE,BORDERS,BOOKSTORE,BOOKS,MUSIC,MOVIES,ARLINGTON,APARTMENT,HOTEL,MAX,REAL,ESTATE,CONSULTANTS,USA,HOSTELS,GREYSTONE,THE,STEAKHOUSE,RAMADA,HOSTELLING,INTERNATIONAL,VILLAGER,LODGE,QUARTER,KITCHEN,KIYO,JAPANESE,RESTAURANT,ASSOCIATION,ASTI,RISTORANTE,FINE,DINING"
60,img/12_19.jpg,"PLAYS,PLAYERS,TENTH,PRESBYTERIAN,CHURCH,SATALOFF,ROBERT,BRANZINO,RESTAURANT,FONTANA,DELLA,CITTA,BED,BREAKFAST,CENTER,CITY,RITTENHOUSE,CLEANERS,TAILORS,GREAT,SCOT,SUPERMARKET,HEMAN,ACKAH,YOLANDA,1715,BOUTIQUE,HOTEL,MAXWELL,REALTY,INC,PHILADELPHIA,ART,ALLIANCE,MONKS,BELGIAN,CAFE,BLACK,SHEEP,PUB,ALAN,SCHWARTZ,ESQUIRE,THOMAS,ANAPOL,ACADEMY,MIRIAM,BENTON,BARISH,MARK,LEWINTER,BAIA,BISTRO"
61,img/08_02.jpg,"COURTYARD,HOUSTON,DOWNTOWN,CONVENTION,CENTER,RESIDENCE,INN,HUMBLE,TOWER,APARTMENTS,THE,TIPPING,POINT,STARBUCKS,MACYS,POLICE,DEPARTMENT,FOREVER,GONZALEZ,FIRST,UNITED,METHODIST,CHURCH,RELIANT,ENERGY,PLAZA,BOOKS,MILLION,MCCORMICK,SCHMICK,EDGE,PETROLEUM,CORPORATION,JAMES,CONEY,ISLAND,BUFFALO,WILD,WINGS,FAX,YOUR,ORDER,HYATT,HOTELS,RESORTS,REGENCY,INNOVUS,INC,ZERO,SANDWICH,SHOP,SAMSON,RESOURCES"
62,img/08_15.jpg,"FOUR,SEASONS,HOUSTON,MASSA,SEAFOOD,GRILL,QUATTRO,HOUSE,BLUES,STRIP,STEAK,DOWNTOWN,CLUB,CENTER,JOSEPHINE,RISTORANTE,ONE,PARK,PLACE,SHOPS,GILBANE,BUILDERS,GREEN,MARKET,DISCOVERY,SUNDAYS,NOON,4PM,VILLE,RESTAURANT,AMERICAN,ARBITRATION,ASSOCIATION,TORCH,ENERGY,ADVISORS,INC,AEROS,HOCKEY,SULLIVAN,PETER,NINFAS,MEXICAN,CADDELL,CHAPMAN"
63,img/14_11.jpg,"OUTDOOR,STORE,BAILEY,TAPROOM,TUG,BOAT,BREWING,BENSON,HOTEL,SAUCEBOX,CAFE,BAR,MARY,CLUB,LONDON,GRILL,GAUCHO,360,VINYL,LUCIA,DOWNTOWN,PORTLAND,SILVER,DOLLAR,PIZZA,GRILLO,VINTAGE,PLAZA,THA,ARCHITECTURE,PAUL,MITCHELL,THE,SCHOOL,UNION,BANK,INCOME,PROPERTY,MANAGEMENT,BLUE,SKY,GALLERY,AND,NINE,ESCAPE"
64,img/13_18.jpg,"PORTLAND,RESTAURANT,WINE,BAR,POST,ROOSEVELT,SQUARE,IRISH,CULTURAL,CENTER,FAIR,TRADE,CAFE,KPNX,TRINITY,EPISCOPAL,CATHEDRAL,MARGARET,HANCE,PARK,YOGA,HEART,STATE,FARM,INSURANCE,PARTNERS,METRO,WEST,KPFF,CONSULTING,ENGINEERS,STOP,FORECLOSURE,LOAN,MODIFICATION,NEGOTIATORS,PAYING,CASH,FOR,HOUSES,CAMBRIDGE,WEALTH,MANAGEMENT,ATTORNEY,BACKED,LOAN,MODIFICATION,COMPANY,PTE,REAL,ESTATE,GROUP,LLC,CARLY,BISTRO,ADVIXEN,ROBERT,KORLJAN,LTD"
65,img/06_02.jpg,"CAFE,SAN,MIGUEL,BARCADIA,LLC,LOUIE,BLUE,COLLAR,BAR,PEARL,CUP,LLC,THE,ALFREDO,ITALIAN,CUISINE,AND,SEAFOOD,RELOCATING,SANDY,AGAIN,DESIGN,STUDIO,GARZA,CHIROPRACTIC,ARE,1976,INC,TAQUERIA,LUPITA,BICH,HUONG,NGUYEN,SAVE,WAY,GROCERY,STORE,SPUTNIK,FUJI,MASSAGE,NEW,FLOWER,MARKET,POLE,DANCE,WORKOUTS,FITNESS,CLASSES,VERT,WELLNESS,CENTER,ATORON"
66,img/15_01.jpg,"EMBASSY,SUITES,HOTEL,SAN,DIEGO,BAY,DOWNTOWN,PACIFIC,FISH,SEAPORT,VILLAGE,STARBUCKS,ARCHSTONE,HARBORVIEW,GREEK,ISLAND,CAFE,UPSTART,CROW,BOOKSTORE,COFFEE,STREET,DELI,BARNETT,GRAND,PIER,ASAGGIO,PIZZA,PASTA,PLUS,BEAUTY,SALON,RAZKALLAH,BARBER,SHOP,WATER,TAXI,APPLE,BOX,TOYS,BRICKYARD,TEA,SAFARI,ANIMAL,COLLECTION,MARION,MARKET,SHOPS,RESTAURANTS,THE,DINNER,DETECTIVE"
67,img/14_19.jpg,"LUCKY,LABRADOR,BREW,PUB,IORIO,RESTAURANT,VANITY,JUNKIE,CLEVER,CYCLES,HOWLIDAY,INN,DOGGIE,HOTEL,KUSH,HAND,KNOTTED,CARPETS,RUGS,MADISON,GRILL,ROOTS,BREWING,CHELSEA,BALLROOM,LLC,CRAVE,CATERING,PLAN,STARFISH,STUDIOS,NEW,DEAL,DISTILLERY,AND,TASTING,ROOM,ANTIQUE,FURNITURE,WAREHOUSE,COLUMBIA,PRINTING,GRAPHICS,NEWSPACE,DARKROOM,STUDIO,STREET,YOGA,FREE,GEEK,LIFESTYLES,PHYSICAL,THERAPY,11TH,AVENUE,LIQUOR"
68,img/09_17.jpg,"CROWNE,PLAZA,HISTORIC,UNION,STATION,INDIANAPOLIS,AMTRAK,STATION,PULLMAN,RESTAURANT,BAR,GREYHOUND,LINES,SLIPPERY,NOODLE,INN,STOP,OMNI,SEVERIN,HOTEL,WHOLESALE,DISTRICT,RCA,DOME,UGLY,MONKEY,PAN,AMERICAN,ARENA,LUCAS,OIL,STADIUM,POST,OFFICE,CLADDAGH,IRISH,PUB,PACKAGE,XPRESS,CLURE,COMMERCIAL,INDUSTRIAL,RED,EYE,CAFE,TEACHER,PET,TRAVEL,INC"
69,img/13_09.jpg,"TWO,RENAISSANCE,SQUARE,SECURITY,STARBUCKS,THAI,ELEPHANT,BAJA,FRESH,MEXICAN,GRILL,YASDA,BENTO,BANK,WYNDHAM,PHOENIX,HOTEL,CONEY,ISLAND,PITA,SUBS,SALADS,CHASE,AND,ATM,DOWNTOWN,DELI,SAN,CARLOS,MONROE,SEAMUS,MCCAFFFREY,IRISH,PUB,RESTAURANT,QUIZNOS,HYATT,REGENCY,MESA,PIT,BBQ,SMOKEHOUSE,JACQUEE,ESPRESSO,HANNY,YOSHI,ZOE,KITCHEN"
70,img/00_00.jpg,"DOLL,HUT,ALL,ABOARD,MINI,STORAGE,IMPORT,AUTO,SUPPLY,ARAM,VENETIAN,MARBLE,CAL,TRANSMISSION,PEST,OPTIONS,INC,LANDSCAPE,MANAGEMENT,CENTER,BRAKE,TIRES,PSI,PIPE,SURGEON,ROOF,PREP,GOAR,PLUMBING,DIRECT,SALES,EARL,SCHEIB,PAINT,BODY,INTERSTATE,RECOVERY,SERVICES,PENN,CORPORATE,RELOCATION,SERV,PARK,WILSHIRE,APARTMENTS,PACIFIC,CHANNELS,SOUTHERN,TRANSPORTATION,ANAHEIM,FREIGHT,STATION,FAIRMONT,PRIVATE,SCHOOLS,12TH,GRADE,ROMAN,CONTRACTING"
71,img/16_10.jpg,"PALOMINO,GORDON,BIERSCH,BREWERY,RESTAURANT,GOOGLE,SAN,FRANCISCO,CRUNCH,GYM,HILLS,PLAZA,SPORTS,AND,SPINE,BRIDGE,HOUSING,CORPORATION,BABCOCK,BROWN,TAG,AVIATION,TAKESHI,SAEKI,STARBUCKS,EPIC,ROASTHOUSE,LOOMIS,GROUP,BITE,COMMUNICATIONS,BUR,EAT,GENSLER,ARCHITECTS,WIDEORBIT,INC,GAP,OUTLET,HEADQUARTERS,SECRET,SERVICE,MARIN,DAY,SCHOOLS,EDGAR,DUNN,INFINITY,SALES,OFFICE,DOT,PRINTER,THE"
72,img/17_01.jpg,"DAKAO,SANDWICH,CHINA,CHEN,IGUANAS,TAQUERIA,RAMADA,LIMITED,SAN,JOSE,DAI,THANH,SUPERMARKET,MILANO,RESTAURANT,YWCA,SILICON,VALLEY,BURRITOZILLA,AGENDA,BAR,LOUNGE,ANNO,DOMINI,VICTORIA,SOUTH,FIRST,BILLIARDS,CLUB,AND,WET,NIGHTCLUB,STUDIES,AMERICAN,LANGUAGE,TOWN,BICYCLE,EXPRESS,EULIPIA,BACH,BAKERY,METRO,GARDENS,APARTMENTS,MUSEUM,QUILTS,TEXTILES"
73,img/04_15.jpg,"CAFE,COLOMBIA,TOKYO,YAKIDORI,SOLAR,CENTRAL,PAK,MAIL,LAND,RECORDS,DONNA,FLORIST,GARIBYAN,MELANYA,THE,PEOPLE,FURNITURE,INC,MANSOOR,KARAMOOZ,DERMAPHIL,LASER,AND,SKIN,CARE,CENTER,BEAUTY,KISS,FLOOR,WINDOW,CLEANING,PLACE,ARTISTRY,ENTERTAINMENT,INTERNATIONAL,HOME,RUN,SPORTS,SCHOLASTIC,GARDENS,FAKHRIRAN,GHAHARI,BASE,CONSTRUCTION,SWORDS,FENCING,STUDIO,SODIUM"
74,img/16_08.jpg,"BACAR,RESTAURANT,WINE,SALON,BRICKHOUSE,CAFE,BAR,KOH,SAMUI,THE,MONKEY,POST,OFFICE,LITTLE,SKILLET,CHROME,INDUSTRIES,STARBUCKS,COCO,500,WELLS,FARGO,BANK,ZEKE,DIAMOND,FRINGALE,ZUPPA,440,BRANNAN,STUDIO,330,RITCH,POWERSET,INC,SFSOFAS,3VR,SECURITY,MERCHANTS,MOTION,BENDER,BROTHERS"
75,img/02_11.jpg,"HELMAND,VERNON,SUPER,MART,DONNA,THAIRISH,INC,AKBAR,RESTAURANT,INDIGMA,THAI,WASHINGTON,MONUMENT,MUSEUM,BLU,VINTAGE,SAFFRON,PLACE,UNITED,CAFE,VIET,EAST,MADISON,INN,FEAST,PATRON,ZONE,PEABODY,INSTITUTE,THE,JOHNS,HOPKINS,UNIVERSITY,RED,EMMA,BOOKSTORE,COFFEE,STABLE,SALOON,NEVER,SUNDAY"
76,img/06_14.jpg,"LABYRINTH,CONTEMPORARY,THEATRE,DALLAS,LIBERTINE,BAR,ZEPHYRS,PATIO,LOUNGE,TORCH,DODIE,NEW,ORLEANS,SEAFOOD,BIG,WONG,SIMPLY,FONDUE,ZUBAR,THAI,ORIENTAL,FOOD,STORE,WINEDALE,TAVERN,SHADE,BLARNEY,STONE,SHAKE,RAG,MUSIC,NANDINA,ASIAN,TAPAS,MILK,TEPPO,YAKITORI,SUSHI,DEATH,GLORY,LULA,ANTIQUE,MALL,GEZELLIG"
77,img/15_18.jpg,"SAN,DIEGO,SYMPHONY,ORCHESTRA,UNIVERSITY,CLUB,ATOP,TOWERS,SHERATON,SUITES,HALL,MARTINEZ,CUTRI,ARCHITECTS,SELTZER,CAPLAN,MAHON,VITEK,LAW,OFFICES,SHANA,BLACK,PRICEWATERHOUSE,COOPERS,YOGA,ONE,CITY,PIZZERIA,SENATOR,DIANNE,FEINSTEIN,KENNA,LONG,ALDRIDGE,COCCHIA,ROBERT,WACHOVIA,BANK,NOT,BRANCH,DOUGLAS,GEYMAN,KPMG,CAKE,CHATEAU,MURCHISON,CUMMING,LLP,WOLF,HALDENSTEIN,ADLER,FREEMAN,EMBASSY,OLD,GALLERY,COFFEE,HOUSE"
78,img/01_18.jpg,"QUALITY,INN,DOWNTOWN,ATLANTA,MARK,ULTRA,LOUNGE,SUPER,DNTN,WORLD,CONGRESS,THE,WESTIN,PEACHTREE,PLAZA,RESIDENCE,SIDEBAR,RIALTO,CENTER,FOR,THE,ARTS,WOODRUFF,PARK,THEATRICAL,OUTFIT,AMERICAN,ENGLISH,SCHOOL,SLICE,HAMPTON,SUITES,FEDEX,OFFICE,PRINT,SHIP,LANDMARK,DINER,FULTON,PUBLIC,LIBRARY,HEALEY,BUILDING,ELLIS,HOTEL,COUNTY,GOVERNMENT,DEFENDER,DUNKIN,DONUTS,STARBUCKS"
79,img/08_10.jpg,"MORTON,THE,STEAKHOUSE,RELIANT,ENERGY,PLAZA,MAINSTREET,DEPOT,CORNER,BAKERY,CAFE,CVS,PHARMACY,MCKINNEY,CONSTRUCTION,INC,FIRST,CITY,TOWER,RAGIN,CAJUN,RESTAURANT,DOWNTOWN,DISTRICT,FRANKLIN,CARDWELL,JONES,CURVES,IBC,BANK,AMERICA,SHEINESS,SCOTT,COHN,MAINPLACE,CDX,GAS,PAYLESS,SHOE,SOURCE,FEDERAL,EXECUTIVE,BOARD,HIRE,SYNERGY,MILLER"
80,img/10_02.jpg,"BONBON,CHICKEN,KULA,YOGA,PROJECT,BRICK,SOPHIE,CUBAN,CUISINE,SUBWAY,DUNKIN,DONUTS,ESPRESSO,LOUNGE,FOUNTAIN,PEN,HOSPITAL,CARY,BUILDING,NEW,YORK,CITY,CARL,STEAKS,VINTNERS,DUANE,STREET,HOTEL,SMYTH,THOMPSON,JERRY,CAFE,COSMOPOLITAN,SUN,THE,HOT,DOG,MUDVILLE,SALOON,BLUE,SPOON,COFFEE,LLC,BRIAN,DORSEY,STUDIOS"
81,img/07_16.jpg,"WAX,TRAX,RECORDS,MOLLY,BROWN,HOUSE,MUSEUM,BENNY,BLANCO,PIZZA,SNAKE,PIT,JOHN,CATHEDRAL,KILGORE,USED,BOOKS,AND,COMICS,FASHIONATION,KIRKLAND,FINE,DECORATIVE,ART,CHIPOTLE,PENN,CLOSED,STREET,PERK,DENVER,TED,510,RETRO,CAFE,NETHERWORLD,FOUNTAINHEAD,APARTMENTS,CUSTOM,CARE,CLEANERS,SHIRT,CONVENIENCE,STORE,KING,QUEEN,SCOOP,ICE,CREAM,BEAUTY,BAR,MOREY,MIDDLE,SCHOOL"
82,img/09_08.jpg,"WASHINGTON,IRVING,ELEMENTARY,ANGIE,LIST,HOLT,FOUNDATION,MID,AMERICA,ELEVATOR,ARMS,APARTMENTS,DOVE,RECOVERY,HOUSE,FOR,WOMAN,HAIR,BODY,SALON,VMC,AFFILIATE,MIDSTATES,MARKETING,INC,RELIABLE,INSURANCE,HOLY,CROSS,CHURCH,ALL,RISK,HORIZON,SNYDER,DIANA,BYRNE,COURT,SECOND,HELPINGS,SAFETY,AUTO,GLASS,TAXI,LOGISTICS,CENTRAL,SCHOOL,THOMAS,INUI"
83,img/18_14.jpg,"LOLA,HOTEL,ANDRA,DAHLIA,LOUNGE,CORPORATION,ASSAGGIO,RISTORANTE,SUB,POP,RECORDS,WARWICK,SEATTLE,BAKERY,ICON,GRILL,AMC,THEATRES,CINERAMA,SERIOUS,PIE,THE,VIRGINIAN,APARTMENTS,PALACE,BALLROOM,WESTIN,BUILDING,GARAGE,JAZZ,ALLEY,BRASSERIE,MARGAUX,RALPH,GROCERY,DELI,KINGS,INN,5TH,AVE,BARBER,SHERIDAN"
84,img/16_07.jpg,"BURMA,SUPERSTAR,RESTAURANT,BLUE,DANUBE,COFFEE,HOUSE,GENKI,CREPES,ROCKIT,ROOM,RESTAURANT,AND,WINE,BAR,CAFE,TROYA,KING,THAI,NOODLE,MURASAKI,SUSHI,BAR,PARK,LIFE,PHO,CLEMENT,TOY,BOAT,DESSERT,LEE,HOU,JAVA,SOURCE,STRESS,REDUCTION,CENTER,CITIKIDS,BABY,NEWS,STORE,BITTER,END,CHASE,BANK,ATM,MAI,VIETNAMESE"
85,img/18_05.jpg,"QUINN,PUB,NEUMOS,CAFFE,VITA,COMET,TAVERN,BIMBOS,CANTINA,HAVANA,VIA,TRIBUNALI,PIKE,STREET,FISH,FRY,SATELLITE,LOUNGE,SOLE,REPAIR,SHOP,ATLAS,CLOTHING,SWEAT,BOX,YOGA,WILD,ROSE,MOE,BAR,BASIC,PLUMBING,PLATINUM,RECORDS,LIGHTS,SOUND,BARCA,ODD,FELLOWS,CAFE,EVERYDAY,MUSIC,HOTHOUSE,SPA,SAUNA"
86,img/01_09.jpg,"DADDY,NICK,FOOD,EYEDRUM,COOK,ELEMENTARY,JOE,CATERING,INC,MATTRESS,FACTORY,LOFTS,MARTIN,LUTHER,KING,BOULEVARD,LOCKSMITH,GAS,WITH,INVIGORATE,MOVING,MED,CARE,CONKLIN,METAL,INDUSTRIES,LAMPLIGHTER,CAFE,ANDERSON,THURMAN,JUNK,CAR,RECYCLING,CROSS,FIT,ATLANTA,CROSSFIT,THE,MOVE,BLACK,CHERRY,HAIR,DESIGN,BLOOD,FIRE,MINISTRIES,TOWING,STANDARD,AUTO"
87,img/03_07.jpg,"WALNUT,BREWERY,RIO,GRANDE,MEXICAN,RESTAURANT,FOUNDRY,BILLARDS,CLUB,JAPANGO,SUNDOWN,SALOON,PIZZA,GRILL,THE,SCOTCH,CORNER,PUB,WALRUS,MEDITERRANEAN,KITCHEN,HAPA,SUSHI,SAKE,BAR,PEARL,STREET,CELLAR,OLD,CHICAGO,AMANTE,COFFEE,BOULDER,COLO,BRASSERIE,TEN,BOOK,STORE,BOMBAY,BISTRO,MILE,HIGH,PIPES,TOBACCO,DOWNTOWN,BUSINESS"
88,img/15_07.jpg,"CROCE,RESTAURANT,BARS,TIKI,THE,KEATING,HOTEL,PININFARINA,MEDICI,RISTORANTE,ITALIANO,BITTER,END,MALONEY,TAVERN,USA,HOSTELS,SAN,DIEGO,STAR,INDIA,PATRICK,MERK,BISTRO,CAFE,LULU,MARTINI,RANCH,HARD,ROCK,XAVIER,BAR,GRILL,ASTI,FINE,DINING,RAMADA,GASLAMP,CONVENTION,CENTER,GRAPE,ONYX,ROOM,GEORGE,FIFTH,OLE,MADRID"
89,img/05_03.jpg,"WHOLE,FOODS,MARKET,WHITE,PALACE,GRILLS,MICHAEL,ARTS,CRAFTS,DSW,SHOE,WAREHOUSE,CHICAGO,PANERA,BREAD,STARBUCKS,COST,PLUS,WORLD,STAPLES,NEW,MAXWELL,STREET,GAMESTOP,SOUTHGATE,PETSMART,OFFICE,DEPOT,FITNESS,STANDARD,PARKING,BANFIELD,THE,PET,HOSPITAL,MANNY,COFFEE,SHOP,DELI,HIRSCH,SHELDON,BEST,BUY,SOUTH,LOOP"
90,img/02_07.jpg,"GRAND,CENTRAL,CLUB,RED,MAPLE,BRASS,ELEPHANT,HIPPO,MINATO,SUSHI,BAR,GIGI,JUST,DELICIOUS,BELVEDERE,HOTEL,SQUARE,MARYLAND,CITY,CAFE,INC,MUGHAL,GARDEN,EDDIE,IGA,EAGER,STREET,ZENA,DAY,SPA,KUMARI,RESTAURANT,MONA,HAJJ,INTERIORS,BALTIMORE,HAPPY,HOUR,EDEN,LOUNGE,VERNON,SUPER,MART,TIJUANA,CANTINA,OWL,GENTEI"
91,img/06_06.jpg,"CITYPLACE,CENTER,CHG,CITY,PLACE,HUDSON,ADVISORS,SCHMIDT,STACY,CONSULTING,HELLMUTH,OBATA,KASSABAUM,STATION,JIM,ADLER,AND,ASSOCIATES,AON,RISK,SERVICES,INC,FINANCIAL,NETWORK,INVESTMENT,ROSEWOOD,CORPORATION,GLINCHEY,STAFFORD,HUB,INTERNATIONAL,PERSONAL,INSURANCE,EDUCATION,FREEDOM,GRAU,KOHEN,TOWER,ATHLETIC,CLUB,SPA,ZIX,SUBWAY,ORRICK,HARRINGTON,SUTCLIFFE,SERVICELANE,COM,WYNNWOOD,HOSPITALITY"
92,img/02_12.jpg,"SCORES,BALTIMORE,MERRITT,ATHLETIC,CLUBS,DOG,HOUSE,OUR,DAILY,BREAD,EMPLOYMENT,CENTER,ROY,KIRBY,SONS,STAGE,BAYSIDE,LANDING,RESTAURANT,MARYLAND,CORRECTIONAL,ADJ,WATERLOO,PLACE,CENTERSTAGE,SUN,CONSTELLATION,ENERGY,GROUP,PEABODY,INSTITUTE,THE,JOHNS,HOPKINS,UNIVERSITY,STANDARD,BUILDING,FALLSWAY,PARK,RIDE,TIME,FLIGHT,AVIATION,SERVICES,COBURNS,CAFE,HIGHWAY,MAINTENANCE,APARTMENTS,WASHINGTON,MONUMENT,MUSEUM"
93,img/03_13.jpg,"DOLAN,RESTAURANT,SIAMESE,PLATE,RINCON,DEL,SOL,VILLAGE,COFFEE,SHOP,SUMIDA,SUSHI,BAR,TASTEFULLY,TOASTED,GREAT,HARVEST,BREAD,SUBWAY,TIFFANY,NAILS,SPA,LLC,BRIAR,ROSE,BED,AND,BREAKFAST,NAROPA,UNIVERSITY,BOULDER,SKI,DEALS,BLOCKBUSTER,VIDEO,DATA,DOCTORS,GUCKIN,HARDWARE,INC,ARAPAHOE,AVE,23RD,PERFORMANCE,BICYCLE,WATCH,GALAXY,ZOLO,GRILL,PAUL,LEV,ARY,ASSOCIATES"
94,img/18_11.jpg,"EXECUTIVE,HOTEL,PACIFIC,SEATTLE,EARTH,OCEAN,MONACO,SAZERAC,SEATTLES,BEST,COFFEE,VINTAGE,PARK,THE,FAIRMONT,OLYMPIC,JASMINE,BAR,BELLE,EPICUREAN,CROWNE,PLAZA,SKINNER,BUILDING,TULIO,COMMUNITY,GROCERY,BERNARD,SENECA,STARBUCKS,BENIHANA,REVIEWS,PURPLE,CAFE,AND,WINE,1001,FOURTH,AVENUE"
95,img/15_13.jpg,"MUSEUM,MAN,OLD,GLOBE,MINGEI,INTERNATIONAL,THE,SAN,DIEGO,ART,TIMKEN,INSTITUTE,PRADO,BALBOA,PARK,SPECIAL,EVENTS,CABRILLO,BRIDGE,BOTANICAL,BUILDING,AND,LILY,POND,SDMA,CAFE,WATERS,JAPANESE,FRIENDSHIP,GARDEN,SPRECKELS,ORGAN,SOCIETY,RESTAURANT,SDAI,THE,LIVING,ARTIST,MODEL,RAILROAD,HOUSE,HOSPITALITY,TREE,CARE,PASSPORT,PHOTOGRAPHIC,ARTS"
96,img/15_09.jpg,"BEST,WESTERN,BAYSIDE,ANTHOLOGY,ENOTECA,STYLE,INTRAX,INTERNATIONAL,INSTITUTE,TIC,INN,LLC,ALLEGRO,TOWERS,RAINWATER,KETTNER,PETRINI,RESTAURANT,WAVE,IMAGING,CORPORATION,SAN,DIEGO,FABRISONS,ESET,PRACTICE,GROUP,SPA,VELIA,ISAAC,BLUMBERG,LAW,OFFICE,EXTRAORDINARY,DESSERTS,JOHN,LEMON,OFFICES,MEXICAN,FIESTA,LIPKA,COM,INC,DGA"
97,img/05_07.jpg,"WHOLE,FOODS,MARKET,DSW,SHOE,WAREHOUSE,CHICAGO,PANERA,BREAD,STARBUCKS,WHITE,PALACE,GRILLS,MICHAEL,ARTS,CRAFTS,COST,PLUS,WORLD,GAMESTOP,SOUTHGATE,OFFICE,DEPOT,PETSMART,STANDARD,PARKING,BANFIELD,THE,PET,HOSPITAL,FITNESS,HIRSCH,SHELDON,NEW,MAXWELL,STREET,STAPLES,SOIFER,NEIL,NAJAFI,CHRISTOPHER"
98,img/11_11.jpg,"BOB,CARR,PERFORMING,ARTS,CENTRE,ORLANDO,MARRIOTT,DOWNTOWN,CENTER,SPECTATORS,SPORTSBAR,CONVENTION,SERVICES,FACILITIES,AMWAY,ARENA,HERTZ,LOCAL,EDITION,LIVINGSTON,STREET,CAFE,LANIER,PARKING,SYSTEM,OFFICE,INC,CELESTIAL,TRAVEL,SOLUTIONS,LEGENDS,TICKETMASTER,ALPHA,BROADCASTING,FRINGE,FESTIVAL,ACCESS,LYNX,AVISPL,TECH,PETRONES,ITALIAN,RESTAURANT,SECUR,AMERICA"
99,img/04_16.jpg,"BLOCKBUSTER,VIDEO,LAW,OFFICES,RAY,FOUNTAIN,CRIMINAL,DEFENSE,ATTORNEY,LAWYER,PIZZA,MAN,CAFE,COLOMBIA,GERRO,MARSHA,RICO,GLENOAKS,PHARMACY,AND,MEDICAL,SUPPLY,RAMIREZ,LYNN,TER,POGHOSYAN,ZARINE,JAS,GIFTS,KNOX,TIMOTHY,DDS,LILLY,PARK,HOME,THEATER,HAMOUI,MOBIL,MART,CLEANERS,TOKYO,YAKIDORI,SHIRVAN,REALTY,GROUP,NAPA,AUTO,CARE,CENTER,TRAN,DEBBY"
