               epoch,      train/box_loss,      train/obj_loss,      train/cls_loss,   metrics/precision,      metrics/recall,     metrics/mAP_0.5,metrics/mAP_0.5:0.95,        val/box_loss,        val/obj_loss,        val/cls_loss,               x/lr0,               x/lr1,               x/lr2
                   0,             0.12779,            0.044067,                   0,                   0,                   0,                   0,                   0,             0.12743,            0.038956,                   0,              0.0964,              0.0004,              0.0004
                   1,             0.12329,            0.047396,                   0,                   0,                   0,                   0,                   0,             0.11713,            0.039902,                   0,            0.091897,          0.00089703,          0.00089703
                   2,             0.11736,            0.043887,                   0,          0.00055556,            0.030303,          0.00028669,          3.8119e-05,             0.10884,            0.041771,                   0,            0.087391,           0.0013908,           0.0013908
                   3,             0.11159,            0.047179,                   0,           0.0012963,            0.070707,          0.00069641,          0.00011865,             0.11084,            0.042263,                   0,            0.082881,           0.0018812,           0.0018812
                   4,             0.11152,            0.044907,                   0,           0.0051852,             0.28283,            0.011918,           0.0026237,             0.09921,            0.042519,                   0,            0.078368,           0.0023683,           0.0023683
                   5,             0.10511,            0.043752,                   0,             0.10691,             0.27273,            0.092696,            0.019847,            0.098059,            0.041428,                   0,            0.073852,           0.0028522,           0.0028522
                   6,             0.10296,            0.044088,                   0,             0.30767,             0.18182,             0.15783,            0.037226,            0.097103,            0.039143,                   0,            0.069333,           0.0033327,           0.0033327
                   7,            0.098571,             0.04271,                   0,             0.25335,             0.23232,             0.17604,            0.054009,            0.098672,            0.034447,                   0,             0.06481,           0.0038099,           0.0038099
                   8,            0.095129,            0.042719,                   0,             0.31037,             0.38384,             0.26413,              0.0772,            0.084015,             0.03508,                   0,            0.060284,           0.0042838,           0.0042838
                   9,            0.089607,            0.037027,                   0,             0.19291,             0.42424,             0.14949,            0.033547,            0.085057,            0.037308,                   0,            0.055754,           0.0047545,           0.0047545
                  10,            0.083198,            0.037175,                   0,              0.2307,             0.45455,             0.19368,             0.05357,            0.089378,            0.042068,                   0,            0.051222,           0.0052218,           0.0052218
                  11,            0.083428,            0.033495,                   0,             0.32914,             0.36364,             0.23051,            0.076227,            0.098399,            0.035748,                   0,            0.046686,           0.0056858,           0.0056858
                  12,            0.087142,             0.03613,                   0,             0.29171,             0.42424,             0.27932,            0.070074,            0.077914,            0.037754,                   0,            0.042147,           0.0061466,           0.0061466
                  13,            0.079615,            0.035933,                   0,             0.37339,             0.31313,             0.25013,            0.046187,            0.085587,            0.031719,                   0,            0.037604,            0.006604,            0.006604
                  14,            0.084457,            0.033015,                   0,             0.46727,             0.46465,             0.36023,             0.12736,            0.083267,             0.02886,                   0,            0.033058,           0.0070581,           0.0070581
                  15,            0.080978,            0.033812,                   0,             0.49455,             0.44444,             0.39512,             0.14905,            0.085431,            0.028318,                   0,            0.028509,           0.0075089,           0.0075089
                  16,            0.080867,            0.032108,                   0,             0.29381,             0.37374,             0.23138,            0.052003,            0.084577,            0.029972,                   0,            0.023956,           0.0079565,           0.0079565
                  17,            0.079389,            0.033587,                   0,             0.25196,             0.49495,             0.21274,             0.06117,            0.076999,             0.03054,                   0,            0.019401,           0.0084007,           0.0084007
                  18,            0.084076,            0.029022,                   0,             0.24827,             0.29693,             0.13687,            0.028366,            0.089445,             0.02478,                   0,            0.014842,           0.0088416,           0.0088416
                  19,            0.085225,            0.028648,                   0,             0.39477,             0.32323,              0.2487,            0.058877,            0.085344,             0.02599,                   0,            0.010279,           0.0092793,           0.0092793
                  20,             0.08028,            0.030846,                   0,             0.37259,             0.43434,             0.36095,             0.11717,            0.079779,            0.027515,                   0,             0.00934,             0.00934,             0.00934
                  21,            0.080331,            0.026365,                   0,             0.28086,             0.50505,             0.23809,            0.081288,              0.0889,            0.024164,                   0,             0.00934,             0.00934,             0.00934
                  22,            0.085049,            0.023734,                   0,             0.23862,             0.34343,             0.17156,            0.046087,             0.08221,            0.023933,                   0,            0.009307,            0.009307,            0.009307
                  23,            0.079328,            0.030859,                   0,               0.475,             0.48437,              0.4202,             0.12945,             0.07523,            0.028036,                   0,            0.009274,            0.009274,            0.009274
                  24,            0.076707,            0.028185,                   0,             0.34585,             0.51515,             0.35772,             0.10306,            0.079889,            0.031668,                   0,            0.009241,            0.009241,            0.009241
                  25,            0.075308,             0.02705,                   0,             0.37036,             0.46465,             0.35907,            0.085975,            0.076383,            0.029684,                   0,            0.009208,            0.009208,            0.009208
                  26,            0.065005,            0.031438,                   0,             0.41852,             0.57576,             0.40541,             0.13336,            0.063453,            0.025856,                   0,            0.009175,            0.009175,            0.009175
                  27,            0.056459,             0.03405,                   0,             0.45448,             0.51515,             0.48638,             0.15101,            0.070441,            0.037169,                   0,            0.009142,            0.009142,            0.009142
                  28,            0.064557,            0.029047,                   0,             0.39796,             0.52525,             0.44311,             0.19396,            0.066996,            0.031479,                   0,            0.009109,            0.009109,            0.009109
                  29,            0.066311,            0.027533,                   0,             0.33153,             0.46465,             0.31734,             0.11041,            0.074636,            0.029343,                   0,            0.009076,            0.009076,            0.009076
                  30,            0.064088,            0.028628,                   0,             0.44915,             0.48485,             0.45761,             0.24225,            0.058577,            0.027725,                   0,            0.009043,            0.009043,            0.009043
                  31,            0.053647,            0.028457,                   0,             0.42188,             0.53535,             0.40831,             0.16473,            0.068587,             0.03038,                   0,             0.00901,             0.00901,             0.00901
                  32,            0.065057,            0.028115,                   0,             0.38112,             0.53535,             0.38506,             0.12082,             0.06283,            0.030104,                   0,            0.008977,            0.008977,            0.008977
                  33,            0.057858,            0.025011,                   0,             0.39395,             0.51515,             0.37181,             0.18926,            0.059373,            0.026546,                   0,            0.008944,            0.008944,            0.008944
                  34,            0.057211,            0.027985,                   0,             0.39785,             0.60067,             0.44848,             0.16407,            0.059106,            0.027386,                   0,            0.008911,            0.008911,            0.008911
                  35,            0.049299,            0.025588,                   0,             0.32156,             0.51515,             0.40251,             0.14878,            0.076945,            0.035925,                   0,            0.008878,            0.008878,            0.008878
                  36,            0.071501,            0.024153,                   0,             0.53366,             0.54545,             0.55548,             0.28492,            0.056086,            0.026623,                   0,            0.008845,            0.008845,            0.008845
                  37,            0.056804,            0.026717,                   0,             0.36016,             0.50505,               0.417,             0.23346,             0.06004,            0.029814,                   0,            0.008812,            0.008812,            0.008812
                  38,            0.055974,            0.027954,                   0,             0.74044,             0.57629,             0.69072,             0.30938,            0.046882,             0.02676,                   0,            0.008779,            0.008779,            0.008779
                  39,             0.04308,            0.023657,                   0,              0.4359,             0.63636,               0.561,             0.21814,            0.059714,            0.031193,                   0,            0.008746,            0.008746,            0.008746
                  40,            0.059402,            0.024093,                   0,             0.75625,             0.54545,             0.66543,             0.37964,            0.046317,             0.02494,                   0,            0.008713,            0.008713,            0.008713
                  41,            0.052427,            0.026387,                   0,             0.61483,             0.53535,             0.59207,             0.17238,            0.056273,            0.028727,                   0,             0.00868,             0.00868,             0.00868
                  42,             0.05223,            0.024026,                   0,             0.66069,             0.71717,             0.74561,             0.37381,            0.049641,             0.02548,                   0,            0.008647,            0.008647,            0.008647
                  43,            0.045238,            0.022139,                   0,             0.67623,             0.57576,             0.66523,             0.19429,            0.059184,            0.030485,                   0,            0.008614,            0.008614,            0.008614
                  44,            0.061309,            0.024439,                   0,             0.47472,             0.54545,             0.46672,             0.26088,            0.047698,            0.024645,                   0,            0.008581,            0.008581,            0.008581
                  45,            0.049728,            0.025238,                   0,             0.44483,             0.76768,             0.58353,             0.27398,            0.047134,            0.026096,                   0,            0.008548,            0.008548,            0.008548
                  46,            0.047676,            0.024242,                   0,             0.60923,             0.55556,             0.62815,             0.35312,            0.044868,            0.025743,                   0,            0.008515,            0.008515,            0.008515
                  47,            0.039256,            0.021905,                   0,             0.45617,             0.61616,             0.51688,             0.27986,            0.057645,            0.029554,                   0,            0.008482,            0.008482,            0.008482
                  48,            0.052994,            0.028369,                   0,             0.58559,             0.58586,             0.61932,             0.33752,            0.046412,            0.023502,                   0,            0.008449,            0.008449,            0.008449
                  49,            0.048523,            0.023459,                   0,             0.88518,             0.57576,             0.75151,              0.3706,            0.047981,             0.02363,                   0,            0.008416,            0.008416,            0.008416
                  50,            0.049746,            0.021448,                   0,             0.50049,             0.76768,             0.62387,             0.33272,            0.046261,            0.024244,                   0,            0.008383,            0.008383,            0.008383
                  51,            0.039635,             0.02423,                   0,             0.68447,             0.57576,             0.65316,             0.39242,            0.058234,            0.025303,                   0,             0.00835,             0.00835,             0.00835
                  52,            0.056345,             0.02146,                   0,             0.43179,             0.79798,             0.56448,             0.29079,            0.041741,            0.025146,                   0,            0.008317,            0.008317,            0.008317
                  53,            0.045436,             0.02313,                   0,             0.72367,             0.62626,              0.7479,             0.44828,            0.046013,            0.023479,                   0,            0.008284,            0.008284,            0.008284
                  54,            0.044515,            0.024429,                   0,             0.71047,             0.71717,             0.76357,             0.42669,            0.038256,            0.022816,                   0,            0.008251,            0.008251,            0.008251
                  55,            0.034616,             0.02178,                   0,             0.81582,             0.65657,             0.76613,             0.35558,             0.04603,            0.025012,                   0,            0.008218,            0.008218,            0.008218
                  56,            0.049108,            0.021588,                   0,             0.75843,             0.60257,             0.74596,             0.39574,            0.042301,            0.024279,                   0,            0.008185,            0.008185,            0.008185
                  57,            0.042958,            0.019334,                   0,             0.76872,             0.71717,             0.80369,             0.47287,            0.039468,            0.022982,                   0,            0.008152,            0.008152,            0.008152
                  58,            0.045438,            0.019705,                   0,             0.82786,             0.76768,              0.8379,             0.45078,            0.044747,             0.02368,                   0,            0.008119,            0.008119,            0.008119
                  59,            0.040035,            0.020596,                   0,             0.73805,             0.76842,             0.80822,             0.49541,            0.043937,            0.023174,                   0,            0.008086,            0.008086,            0.008086
                  60,            0.046521,            0.021558,                   0,             0.53311,             0.75758,             0.67209,             0.34011,            0.041472,            0.024151,                   0,            0.008053,            0.008053,            0.008053
                  61,             0.04264,            0.022068,                   0,             0.69515,             0.63636,             0.70767,             0.36628,            0.040797,            0.023582,                   0,             0.00802,             0.00802,             0.00802
                  62,            0.040347,            0.020503,                   0,             0.74697,             0.80514,             0.81137,             0.45389,            0.037644,            0.022932,                   0,            0.007987,            0.007987,            0.007987
                  63,             0.03385,            0.022032,                   0,             0.71042,             0.63636,             0.69138,             0.39746,            0.046315,            0.023989,                   0,            0.007954,            0.007954,            0.007954
                  64,            0.048028,            0.020492,                   0,             0.63776,             0.67578,             0.67476,             0.35668,            0.039161,            0.023249,                   0,            0.007921,            0.007921,            0.007921
                  65,            0.040249,            0.022031,                   0,             0.80845,             0.70707,             0.81025,             0.50002,            0.038778,            0.022619,                   0,            0.007888,            0.007888,            0.007888
                  66,            0.037782,             0.02038,                   0,             0.81756,             0.79798,             0.81807,             0.48022,            0.033168,            0.022337,                   0,            0.007855,            0.007855,            0.007855
                  67,            0.030859,             0.01976,                   0,             0.85635,             0.72264,             0.80848,             0.40437,            0.041379,            0.023554,                   0,            0.007822,            0.007822,            0.007822
                  68,             0.04397,            0.020186,                   0,             0.82699,             0.78788,             0.82353,             0.48255,            0.041037,            0.023376,                   0,            0.007789,            0.007789,            0.007789
                  69,            0.041783,            0.019023,                   0,             0.83669,             0.77629,             0.81973,              0.5057,            0.037293,             0.02361,                   0,            0.007756,            0.007756,            0.007756
                  70,            0.039619,            0.017745,                   0,             0.85576,             0.79798,             0.83857,             0.48484,            0.039264,            0.023507,                   0,            0.007723,            0.007723,            0.007723
                  71,            0.032256,            0.019011,                   0,             0.73458,             0.73737,              0.7958,             0.44544,            0.048344,            0.023752,                   0,             0.00769,             0.00769,             0.00769
                  72,             0.04809,            0.020016,                   0,             0.89893,             0.72727,             0.83049,              0.4954,            0.034099,            0.023183,                   0,            0.007657,            0.007657,            0.007657
                  73,            0.039093,            0.021335,                   0,             0.61769,             0.75075,             0.65034,             0.34467,            0.042983,            0.024134,                   0,            0.007624,            0.007624,            0.007624
                  74,            0.037132,             0.01734,                   0,             0.86393,             0.78788,             0.83755,             0.53013,            0.030997,            0.023497,                   0,            0.007591,            0.007591,            0.007591
                  75,            0.030442,             0.01939,                   0,             0.65052,              0.7897,              0.7616,                 0.4,            0.045201,            0.024527,                   0,            0.007558,            0.007558,            0.007558
                  76,            0.045029,            0.020671,                   0,             0.86708,             0.76768,             0.82278,             0.49353,            0.033274,            0.023367,                   0,            0.007525,            0.007525,            0.007525
                  77,            0.036781,            0.019103,                   0,             0.86078,             0.80808,             0.85265,             0.43601,            0.035584,            0.023379,                   0,            0.007492,            0.007492,            0.007492
                  78,            0.040995,            0.018578,                   0,             0.87976,             0.79798,             0.84856,             0.52395,            0.039138,            0.023498,                   0,            0.007459,            0.007459,            0.007459
                  79,            0.032264,            0.019318,                   0,             0.88825,             0.80294,             0.84459,             0.55759,            0.043929,            0.022793,                   0,            0.007426,            0.007426,            0.007426
                  80,            0.046189,            0.018352,                   0,             0.88042,             0.78788,             0.85321,             0.51957,            0.038439,             0.02327,                   0,            0.007393,            0.007393,            0.007393
                  81,            0.039515,            0.017907,                   0,              0.8463,             0.79798,             0.84303,              0.4929,            0.037648,             0.02312,                   0,             0.00736,             0.00736,             0.00736
                  82,            0.036752,            0.018438,                   0,             0.87639,             0.78788,             0.85999,             0.54942,            0.031032,             0.02277,                   0,            0.007327,            0.007327,            0.007327
                  83,            0.028128,            0.018692,                   0,             0.78073,             0.63636,             0.78735,             0.45492,            0.039071,            0.022993,                   0,            0.007294,            0.007294,            0.007294
                  84,            0.039694,            0.018733,                   0,             0.88007,             0.78788,             0.86069,             0.59664,            0.032709,            0.022131,                   0,            0.007261,            0.007261,            0.007261
                  85,            0.034827,            0.018296,                   0,             0.84602,             0.80808,             0.85507,             0.50222,            0.036738,            0.022906,                   0,            0.007228,            0.007228,            0.007228
                  86,            0.035934,             0.01887,                   0,             0.91319,             0.74747,             0.85248,             0.55683,            0.032252,            0.022985,                   0,            0.007195,            0.007195,            0.007195
                  87,            0.029543,            0.018211,                   0,             0.56464,             0.76768,             0.69383,             0.39941,            0.040191,            0.023623,                   0,            0.007162,            0.007162,            0.007162
                  88,             0.04033,            0.019872,                   0,             0.84148,             0.80432,             0.84839,             0.53435,            0.032583,            0.022745,                   0,            0.007129,            0.007129,            0.007129
                  89,             0.03557,             0.02098,                   0,             0.85808,             0.79399,             0.85914,             0.52347,            0.032199,            0.022967,                   0,            0.007096,            0.007096,            0.007096
                  90,            0.033078,            0.019201,                   0,             0.80088,             0.85318,             0.86217,             0.52961,            0.031769,            0.022764,                   0,            0.007063,            0.007063,            0.007063
                  91,            0.026661,            0.017476,                   0,              0.8423,             0.80808,             0.85643,             0.51649,            0.040882,            0.023527,                   0,             0.00703,             0.00703,             0.00703
                  92,            0.041512,            0.018388,                   0,             0.85737,             0.80808,             0.85436,             0.57833,            0.032848,            0.022623,                   0,            0.006997,            0.006997,            0.006997
                  93,            0.034452,            0.017595,                   0,             0.84788,             0.80808,             0.85393,             0.53238,            0.034509,            0.023063,                   0,            0.006964,            0.006964,            0.006964
                  94,            0.034152,             0.01623,                   0,             0.82059,             0.83164,             0.86136,             0.58679,            0.031991,              0.0224,                   0,            0.006931,            0.006931,            0.006931
                  95,            0.029008,             0.01717,                   0,              0.8758,             0.78788,             0.85686,              0.5154,            0.036912,            0.023589,                   0,            0.006898,            0.006898,            0.006898
                  96,            0.036361,            0.016269,                   0,             0.88502,             0.77747,             0.85032,             0.53086,            0.030734,            0.023303,                   0,            0.006865,            0.006865,            0.006865
                  97,             0.03283,            0.018565,                   0,              0.9029,             0.75758,             0.84032,             0.52115,            0.032212,             0.02325,                   0,            0.006832,            0.006832,            0.006832
                  98,            0.033444,            0.016239,                   0,             0.90986,             0.76768,             0.84192,             0.55665,            0.034856,            0.022985,                   0,            0.006799,            0.006799,            0.006799
                  99,            0.029355,            0.017288,                   0,             0.84128,              0.8031,             0.86013,             0.53476,            0.034039,            0.022574,                   0,            0.006766,            0.006766,            0.006766
                 100,             0.03486,            0.017818,                   0,             0.85198,             0.81818,             0.86155,               0.518,            0.030989,            0.022028,                   0,            0.006733,            0.006733,            0.006733
                 101,            0.031422,            0.017465,                   0,             0.90413,             0.76208,             0.86126,             0.51277,            0.029136,            0.022228,                   0,              0.0067,              0.0067,              0.0067
                 102,             0.03085,            0.017173,                   0,             0.90434,             0.76397,             0.86161,             0.54037,            0.032264,            0.022267,                   0,            0.006667,            0.006667,            0.006667
                 103,            0.028391,            0.016586,                   0,              0.8944,             0.77001,             0.86069,             0.52709,            0.040276,            0.022862,                   0,            0.006634,            0.006634,            0.006634
                 104,             0.03718,            0.016467,                   0,             0.87372,             0.76877,             0.86161,             0.59024,            0.029331,            0.022464,                   0,            0.006601,            0.006601,            0.006601
                 105,            0.032141,            0.016986,                   0,             0.87703,             0.79248,             0.84966,             0.52069,            0.034308,            0.023413,                   0,            0.006568,            0.006568,            0.006568
                 106,            0.031461,            0.018436,                   0,             0.89509,             0.77565,             0.85827,             0.55984,            0.027154,            0.023308,                   0,            0.006535,            0.006535,            0.006535
                 107,            0.025003,            0.017178,                   0,             0.91239,             0.73633,             0.83312,             0.50529,             0.03785,             0.02459,                   0,            0.006502,            0.006502,            0.006502
                 108,            0.037732,            0.018324,                   0,             0.90852,             0.72727,             0.84439,             0.56988,             0.02949,            0.024488,                   0,            0.006469,            0.006469,            0.006469
                 109,            0.033129,             0.01762,                   0,             0.85416,             0.76911,             0.84455,             0.51266,            0.035088,            0.024817,                   0,            0.006436,            0.006436,            0.006436
                 110,            0.031997,            0.016357,                   0,              0.8301,             0.78963,             0.85189,             0.58958,             0.02756,            0.023267,                   0,            0.006403,            0.006403,            0.006403
                 111,            0.025734,            0.014987,                   0,             0.85096,             0.76768,             0.85163,             0.55856,            0.036133,            0.022464,                   0,             0.00637,             0.00637,             0.00637
                 112,            0.036081,            0.015842,                   0,             0.85413,             0.75758,             0.84626,             0.54758,            0.033261,            0.022667,                   0,            0.006337,            0.006337,            0.006337
                 113,            0.032696,            0.017329,                   0,             0.86224,             0.75868,             0.85434,             0.56827,            0.030457,            0.022111,                   0,            0.006304,            0.006304,            0.006304
                 114,            0.030228,             0.01718,                   0,             0.85469,             0.77778,             0.84728,             0.53583,            0.029365,            0.022795,                   0,            0.006271,            0.006271,            0.006271
                 115,            0.024183,            0.017316,                   0,             0.83208,             0.77778,             0.83582,             0.51122,            0.040519,            0.023178,                   0,            0.006238,            0.006238,            0.006238
                 116,            0.038709,             0.01597,                   0,             0.82895,             0.78325,             0.84141,             0.59262,            0.028285,            0.022473,                   0,            0.006205,            0.006205,            0.006205
                 117,            0.029555,            0.015543,                   0,             0.85482,             0.77321,             0.84017,             0.57269,            0.034048,            0.022819,                   0,            0.006172,            0.006172,            0.006172
                 118,             0.03034,            0.016719,                   0,             0.83623,             0.77368,             0.83962,              0.5799,            0.028013,            0.022605,                   0,            0.006139,            0.006139,            0.006139
                 119,            0.025846,            0.015511,                   0,                0.86,             0.77778,             0.84823,             0.58012,            0.035523,             0.02314,                   0,            0.006106,            0.006106,            0.006106
                 120,            0.034427,             0.01595,                   0,             0.78132,             0.83838,             0.84982,              0.5455,            0.031286,            0.023016,                   0,            0.006073,            0.006073,            0.006073
                 121,            0.029099,             0.01628,                   0,             0.80678,             0.83838,             0.85383,             0.59027,            0.028171,            0.022602,                   0,             0.00604,             0.00604,             0.00604
                 122,            0.029402,            0.016228,                   0,             0.79855,             0.84086,             0.84895,             0.54262,            0.031725,            0.023051,                   0,            0.006007,            0.006007,            0.006007
                 123,            0.024413,            0.016573,                   0,             0.80451,             0.82828,             0.84736,             0.55406,            0.034847,            0.022731,                   0,            0.005974,            0.005974,            0.005974
                 124,            0.033318,            0.017676,                   0,             0.78947,             0.83838,             0.85478,             0.55959,            0.029605,            0.022499,                   0,            0.005941,            0.005941,            0.005941
                 125,            0.029689,            0.016203,                   0,             0.86026,             0.75758,             0.84828,             0.57883,            0.029151,            0.022665,                   0,            0.005908,            0.005908,            0.005908
                 126,            0.030618,            0.016772,                   0,             0.87256,             0.76082,             0.85341,             0.58099,            0.032397,            0.022443,                   0,            0.005875,            0.005875,            0.005875
                 127,             0.02508,            0.016485,                   0,             0.78939,             0.83296,             0.84588,             0.55105,            0.032046,            0.022273,                   0,            0.005842,            0.005842,            0.005842
                 128,             0.03385,            0.015949,                   0,             0.80831,             0.80926,             0.86109,             0.57749,            0.028966,            0.021921,                   0,            0.005809,            0.005809,            0.005809
                 129,            0.030423,            0.016649,                   0,             0.84725,             0.78788,             0.86249,              0.5812,            0.029292,            0.022061,                   0,            0.005776,            0.005776,            0.005776
                 130,            0.029318,            0.016973,                   0,             0.79665,             0.85859,             0.85971,             0.55949,             0.03041,            0.022502,                   0,            0.005743,            0.005743,            0.005743
                 131,            0.022971,            0.013886,                   0,             0.83396,             0.81818,             0.85379,             0.50251,            0.033315,            0.023504,                   0,             0.00571,             0.00571,             0.00571
                 132,            0.032413,            0.016227,                   0,             0.81985,             0.82743,             0.85152,             0.56566,            0.030692,             0.02305,                   0,            0.005677,            0.005677,            0.005677
                 133,            0.029518,            0.016616,                   0,              0.9024,             0.75758,             0.85979,             0.58528,             0.02886,            0.022049,                   0,            0.005644,            0.005644,            0.005644
                 134,             0.02796,             0.01617,                   0,             0.90253,              0.7483,              0.8628,             0.55207,            0.029636,             0.02195,                   0,            0.005611,            0.005611,            0.005611
                 135,            0.025434,            0.015097,                   0,             0.91562,             0.76723,             0.86431,             0.56684,            0.032891,            0.022116,                   0,            0.005578,            0.005578,            0.005578
                 136,            0.029618,            0.016286,                   0,             0.91149,             0.76768,             0.86307,             0.57682,            0.025965,            0.022008,                   0,            0.005545,            0.005545,            0.005545
                 137,            0.026389,            0.016406,                   0,             0.86891,             0.80347,             0.86949,             0.56767,            0.029514,            0.022246,                   0,            0.005512,            0.005512,            0.005512
                 138,            0.027926,            0.016779,                   0,             0.89562,             0.77778,              0.8558,             0.56791,            0.026661,            0.022929,                   0,            0.005479,            0.005479,            0.005479
                 139,            0.023832,            0.016823,                   0,             0.86243,             0.77778,             0.84894,             0.56425,            0.033781,            0.024064,                   0,            0.005446,            0.005446,            0.005446
                 140,            0.033157,            0.015821,                   0,             0.88498,             0.76768,             0.83918,              0.5562,            0.028197,            0.023984,                   0,            0.005413,            0.005413,            0.005413
                 141,            0.026021,            0.016676,                   0,             0.89038,             0.77778,             0.83849,             0.55973,            0.030264,            0.023942,                   0,             0.00538,             0.00538,             0.00538
                 142,             0.02484,            0.015492,                   0,             0.88288,             0.76145,             0.83924,             0.54885,            0.026746,            0.024099,                   0,            0.005347,            0.005347,            0.005347
                 143,            0.023338,            0.015601,                   0,             0.90723,             0.76768,             0.83871,             0.54277,            0.030142,            0.024379,                   0,            0.005314,            0.005314,            0.005314
                 144,              0.0289,            0.015063,                   0,             0.91295,             0.76768,              0.8397,             0.57048,            0.026519,            0.024126,                   0,            0.005281,            0.005281,            0.005281
                 145,            0.025025,            0.013759,                   0,             0.91177,             0.76768,             0.84094,             0.56287,            0.027604,            0.024577,                   0,            0.005248,            0.005248,            0.005248
                 146,            0.027111,            0.015851,                   0,             0.91157,             0.76768,             0.84165,             0.58884,            0.026201,            0.024309,                   0,            0.005215,            0.005215,            0.005215
                 147,            0.021863,            0.015058,                   0,             0.90419,              0.7626,               0.847,             0.58874,            0.030234,            0.024168,                   0,            0.005182,            0.005182,            0.005182
                 148,            0.031147,            0.016607,                   0,             0.91313,             0.75758,             0.84057,             0.57302,            0.027438,            0.023749,                   0,            0.005149,            0.005149,            0.005149
                 149,            0.024778,            0.015824,                   0,             0.92585,             0.75679,             0.84202,             0.58226,            0.025384,            0.023185,                   0,            0.005116,            0.005116,            0.005116
                 150,            0.023651,            0.014836,                   0,             0.84292,             0.81308,             0.86006,             0.61087,            0.025019,            0.022802,                   0,            0.005083,            0.005083,            0.005083
                 151,            0.021544,            0.014881,                   0,             0.86304,             0.82749,             0.85679,             0.59605,            0.033627,             0.02301,                   0,             0.00505,             0.00505,             0.00505
                 152,            0.032946,            0.015717,                   0,             0.88164,             0.78788,             0.84875,             0.60957,            0.027776,            0.022779,                   0,            0.005017,            0.005017,            0.005017
                 153,            0.027087,            0.015043,                   0,             0.87823,             0.80137,              0.8556,             0.58845,            0.027666,            0.023021,                   0,            0.004984,            0.004984,            0.004984
                 154,            0.025925,            0.014082,                   0,             0.87314,             0.78788,             0.85226,             0.59956,            0.026155,            0.022836,                   0,            0.004951,            0.004951,            0.004951
                 155,            0.022231,            0.014109,                   0,             0.85985,             0.80566,             0.85449,              0.5815,             0.02887,            0.023447,                   0,            0.004918,            0.004918,            0.004918
                 156,            0.027369,            0.014894,                   0,             0.85193,             0.81367,             0.85353,             0.58481,            0.027101,            0.022974,                   0,            0.004885,            0.004885,            0.004885
                 157,             0.02541,            0.015958,                   0,              0.8841,             0.78788,             0.85045,             0.59255,            0.028392,            0.022779,                   0,            0.004852,            0.004852,            0.004852
                 158,            0.024852,            0.014609,                   0,             0.89402,             0.78788,              0.8529,              0.6165,            0.025376,            0.022616,                   0,            0.004819,            0.004819,            0.004819
                 159,            0.019841,            0.014274,                   0,             0.89584,             0.77778,             0.85529,             0.58915,             0.02901,            0.023078,                   0,            0.004786,            0.004786,            0.004786
                 160,            0.026457,            0.016079,                   0,             0.86016,             0.80808,              0.8464,             0.60374,            0.025676,            0.023335,                   0,            0.004753,            0.004753,            0.004753
                 161,            0.023088,            0.014244,                   0,             0.85337,             0.82307,             0.85251,             0.58091,            0.027403,            0.023579,                   0,             0.00472,             0.00472,             0.00472
                 162,            0.025253,            0.013783,                   0,             0.90286,             0.76768,             0.84136,             0.60688,            0.026785,            0.023344,                   0,            0.004687,            0.004687,            0.004687
                 163,            0.024208,            0.013711,                   0,             0.87074,             0.81656,             0.84477,             0.55737,            0.029954,            0.024383,                   0,            0.004654,            0.004654,            0.004654
                 164,            0.027973,             0.01435,                   0,             0.85963,             0.80422,             0.84431,             0.60977,             0.02422,            0.023233,                   0,            0.004621,            0.004621,            0.004621
                 165,            0.024148,            0.015367,                   0,             0.86939,             0.81818,             0.85374,             0.55367,            0.029264,            0.023552,                   0,            0.004588,            0.004588,            0.004588
                 166,            0.025553,            0.013536,                   0,              0.8867,             0.79798,             0.85042,             0.59867,            0.026304,            0.022508,                   0,            0.004555,            0.004555,            0.004555
                 167,            0.021942,            0.014617,                   0,             0.87968,             0.81235,             0.87443,              0.6137,            0.027445,             0.02215,                   0,            0.004522,            0.004522,            0.004522
                 168,            0.023459,            0.013223,                   0,             0.89796,                 0.8,             0.87294,             0.62677,             0.02469,            0.022173,                   0,            0.004489,            0.004489,            0.004489
                 169,            0.025859,            0.013089,                   0,             0.87851,             0.80348,             0.86707,             0.58701,             0.02815,            0.022504,                   0,            0.004456,            0.004456,            0.004456
                 170,            0.024501,            0.013928,                   0,             0.87104,             0.79798,             0.86333,             0.62736,            0.023594,            0.021932,                   0,            0.004423,            0.004423,            0.004423
                 171,            0.019635,            0.012775,                   0,             0.82643,             0.86571,             0.87294,             0.56563,            0.028703,            0.022281,                   0,             0.00439,             0.00439,             0.00439
                 172,             0.02653,            0.015239,                   0,             0.80086,             0.85307,             0.86193,             0.61934,            0.024176,            0.021836,                   0,            0.004357,            0.004357,            0.004357
                 173,            0.023096,            0.014353,                   0,             0.82543,             0.85859,             0.87452,             0.59083,            0.028313,            0.021971,                   0,            0.004324,            0.004324,            0.004324
                 174,            0.024082,            0.014447,                   0,             0.80742,             0.83838,               0.864,             0.60262,            0.024773,            0.021868,                   0,            0.004291,            0.004291,            0.004291
                 175,            0.020478,            0.012672,                   0,             0.87672,             0.79798,             0.86111,             0.54474,            0.030708,            0.022563,                   0,            0.004258,            0.004258,            0.004258
                 176,            0.027238,            0.014299,                   0,             0.87668,             0.79798,              0.8631,             0.60361,            0.024631,            0.021707,                   0,            0.004225,            0.004225,            0.004225
                 177,            0.022785,            0.014676,                   0,              0.8678,             0.79798,             0.85607,              0.5961,            0.026836,            0.021669,                   0,            0.004192,            0.004192,            0.004192
                 178,            0.022628,            0.012741,                   0,             0.86739,             0.79284,             0.85772,             0.58054,            0.026124,            0.022091,                   0,            0.004159,            0.004159,            0.004159
                 179,             0.01991,            0.013834,                   0,             0.85032,             0.79798,             0.84532,             0.58067,            0.030036,            0.022327,                   0,            0.004126,            0.004126,            0.004126
                 180,            0.027172,            0.013639,                   0,              0.8207,             0.84848,             0.85314,             0.61369,            0.024543,            0.022093,                   0,            0.004093,            0.004093,            0.004093
                 181,            0.021877,            0.012787,                   0,             0.80405,             0.82897,             0.85292,             0.57688,            0.027099,             0.02255,                   0,             0.00406,             0.00406,             0.00406
                 182,            0.021547,            0.014915,                   0,              0.8464,             0.83838,             0.85521,             0.62102,            0.023243,            0.022225,                   0,            0.004027,            0.004027,            0.004027
                 183,            0.018761,            0.011977,                   0,             0.80787,             0.84946,              0.8531,             0.54601,            0.029822,            0.023318,                   0,            0.003994,            0.003994,            0.003994
                 184,            0.026127,            0.015697,                   0,             0.80849,             0.83838,             0.85396,             0.59943,            0.024494,            0.022639,                   0,            0.003961,            0.003961,            0.003961
                 185,            0.021147,            0.012352,                   0,             0.83406,             0.81234,              0.8546,              0.6004,            0.025466,            0.022735,                   0,            0.003928,            0.003928,            0.003928
                 186,            0.022452,            0.013111,                   0,             0.90129,             0.76768,             0.85146,             0.58112,            0.024594,            0.023008,                   0,            0.003895,            0.003895,            0.003895
                 187,            0.020737,            0.012634,                   0,             0.90375,             0.76768,             0.84441,             0.58274,            0.027036,            0.023438,                   0,            0.003862,            0.003862,            0.003862
                 188,            0.023508,            0.015387,                   0,             0.89753,             0.74747,             0.85247,               0.602,            0.023655,            0.023075,                   0,            0.003829,            0.003829,            0.003829
                 189,             0.02106,            0.013346,                   0,             0.81475,             0.83838,             0.86065,             0.60919,            0.026148,            0.022703,                   0,            0.003796,            0.003796,            0.003796
                 190,            0.021312,            0.013034,                   0,             0.81608,             0.82828,             0.85469,             0.60869,            0.023155,            0.022944,                   0,            0.003763,            0.003763,            0.003763
                 191,            0.018408,            0.013382,                   0,             0.84189,             0.80676,             0.84775,             0.61345,            0.026337,            0.023131,                   0,             0.00373,             0.00373,             0.00373
                 192,            0.022598,            0.012573,                   0,             0.81089,             0.82296,             0.85434,             0.60932,            0.025945,            0.023304,                   0,            0.003697,            0.003697,            0.003697
                 193,            0.022775,             0.01488,                   0,             0.82504,             0.80808,             0.84948,             0.60633,            0.025513,             0.02299,                   0,            0.003664,            0.003664,            0.003664
                 194,            0.023407,            0.014329,                   0,             0.80412,             0.80808,             0.84366,             0.61012,            0.024631,            0.023321,                   0,            0.003631,            0.003631,            0.003631
                 195,            0.019503,            0.013519,                   0,             0.87844,             0.74747,             0.84561,               0.583,            0.028329,            0.022928,                   0,            0.003598,            0.003598,            0.003598
                 196,            0.024077,            0.014511,                   0,             0.87098,             0.75012,             0.84808,             0.61568,            0.024989,            0.022617,                   0,            0.003565,            0.003565,            0.003565
                 197,            0.020908,            0.012811,                   0,              0.8743,             0.77287,             0.85639,             0.62025,            0.023782,            0.022038,                   0,            0.003532,            0.003532,            0.003532
                 198,            0.018446,            0.012598,                   0,             0.88659,             0.76768,             0.84741,             0.60637,            0.023815,            0.021994,                   0,            0.003499,            0.003499,            0.003499
                 199,            0.018776,            0.014035,                   0,             0.84505,             0.82636,             0.85481,             0.60326,            0.027293,            0.021875,                   0,            0.003466,            0.003466,            0.003466
                 200,            0.023816,            0.013054,                   0,             0.84374,             0.81813,                0.85,             0.60809,             0.02302,            0.021719,                   0,            0.003433,            0.003433,            0.003433
                 201,             0.02042,            0.013119,                   0,             0.86674,             0.78788,             0.84885,             0.58503,            0.025514,            0.022122,                   0,              0.0034,              0.0034,              0.0034
                 202,            0.022299,            0.013666,                   0,             0.82926,             0.80808,              0.8523,              0.6045,             0.02469,            0.021928,                   0,            0.003367,            0.003367,            0.003367
                 203,             0.01931,            0.013532,                   0,             0.83359,             0.82828,             0.85486,             0.59836,            0.027509,            0.021955,                   0,            0.003334,            0.003334,            0.003334
                 204,            0.023944,            0.012054,                   0,             0.84584,             0.83136,             0.85887,             0.60186,            0.023625,             0.02183,                   0,            0.003301,            0.003301,            0.003301
                 205,            0.020131,            0.013849,                   0,             0.83957,             0.84848,              0.8572,             0.59526,            0.024062,            0.021981,                   0,            0.003268,            0.003268,            0.003268
                 206,            0.019876,            0.013665,                   0,             0.86011,             0.82828,             0.85878,              0.6233,            0.022631,            0.022035,                   0,            0.003235,            0.003235,            0.003235
                 207,            0.017646,            0.011757,                   0,              0.8535,             0.81818,             0.85914,              0.6121,            0.024491,            0.021941,                   0,            0.003202,            0.003202,            0.003202
                 208,            0.020796,            0.012724,                   0,             0.89054,             0.78788,             0.86017,             0.60152,            0.024278,            0.021764,                   0,            0.003169,            0.003169,            0.003169
                 209,            0.019217,            0.012159,                   0,             0.83996,             0.83838,             0.86006,               0.617,            0.024227,            0.021933,                   0,            0.003136,            0.003136,            0.003136
                 210,            0.019637,             0.01303,                   0,             0.89354,             0.78788,             0.85773,             0.60483,            0.023862,            0.021718,                   0,            0.003103,            0.003103,            0.003103
                 211,            0.017633,            0.011477,                   0,             0.90215,             0.79798,             0.86013,             0.60535,            0.026876,            0.021929,                   0,             0.00307,             0.00307,             0.00307
                 212,            0.023324,            0.013425,                   0,             0.84285,             0.86682,             0.86121,             0.62922,            0.023374,            0.021319,                   0,            0.003037,            0.003037,            0.003037
                 213,            0.019529,            0.012083,                   0,             0.85129,             0.86869,             0.86249,             0.61591,            0.024151,            0.021781,                   0,            0.003004,            0.003004,            0.003004
                 214,            0.019671,            0.012688,                   0,             0.85851,             0.85859,             0.86421,             0.62685,            0.022958,            0.021239,                   0,            0.002971,            0.002971,            0.002971
                 215,            0.017598,            0.011692,                   0,             0.86864,             0.83838,             0.86118,             0.61962,            0.023064,            0.021379,                   0,            0.002938,            0.002938,            0.002938
                 216,            0.018897,            0.013696,                   0,             0.86565,             0.83838,             0.86085,             0.61433,            0.022548,            0.021283,                   0,            0.002905,            0.002905,            0.002905
                 217,            0.018521,            0.012492,                   0,              0.8495,             0.85527,             0.85901,             0.61646,            0.023693,            0.021756,                   0,            0.002872,            0.002872,            0.002872
                 218,            0.019793,             0.01282,                   0,             0.84853,             0.85859,             0.85882,             0.62406,            0.022689,             0.02146,                   0,            0.002839,            0.002839,            0.002839
                 219,            0.017527,            0.012339,                   0,             0.87965,             0.81216,               0.858,             0.59843,            0.026077,            0.022312,                   0,            0.002806,            0.002806,            0.002806
                 220,            0.020795,            0.013274,                   0,             0.89629,             0.81818,             0.85872,             0.62243,            0.022643,            0.021748,                   0,            0.002773,            0.002773,            0.002773
                 221,            0.019083,            0.012493,                   0,             0.84244,             0.86415,             0.85884,              0.6064,            0.025123,            0.021781,                   0,             0.00274,             0.00274,             0.00274
                 222,            0.020962,            0.013301,                   0,             0.85052,             0.86213,             0.85941,             0.61587,            0.023089,            0.021645,                   0,            0.002707,            0.002707,            0.002707
                 223,            0.018276,            0.013711,                   0,             0.85837,             0.85705,             0.85877,             0.59046,             0.02504,            0.021815,                   0,            0.002674,            0.002674,            0.002674
                 224,            0.020742,            0.013358,                   0,             0.85815,             0.85554,             0.85821,             0.62319,            0.022516,            0.021765,                   0,            0.002641,            0.002641,            0.002641
                 225,            0.017462,             0.01287,                   0,              0.8584,             0.85729,             0.85806,             0.61473,            0.022659,            0.021703,                   0,            0.002608,            0.002608,            0.002608
                 226,            0.016388,            0.013175,                   0,             0.85801,             0.85455,             0.85967,             0.62053,            0.022169,            0.021586,                   0,            0.002575,            0.002575,            0.002575
                 227,            0.016451,            0.011863,                   0,             0.83405,             0.86306,             0.86059,             0.61569,            0.025705,            0.022039,                   0,            0.002542,            0.002542,            0.002542
                 228,            0.020347,             0.01216,                   0,             0.84128,             0.85664,              0.8612,             0.61547,            0.023014,            0.021832,                   0,            0.002509,            0.002509,            0.002509
                 229,            0.017545,            0.012701,                   0,             0.90765,             0.79427,             0.86074,             0.61589,            0.022984,            0.022054,                   0,            0.002476,            0.002476,            0.002476
                 230,            0.017644,            0.012761,                   0,              0.9078,             0.79798,             0.86127,             0.61347,            0.022065,            0.021759,                   0,            0.002443,            0.002443,            0.002443
                 231,            0.016824,            0.011888,                   0,             0.90775,             0.79515,             0.85349,             0.61516,            0.024248,            0.021873,                   0,             0.00241,             0.00241,             0.00241
                 232,            0.020388,             0.01237,                   0,             0.90746,             0.79798,             0.85905,             0.61326,            0.022563,            0.021973,                   0,            0.002377,            0.002377,            0.002377
                 233,            0.015781,            0.011412,                   0,             0.89905,             0.78788,             0.85798,             0.61698,            0.022627,            0.022035,                   0,            0.002344,            0.002344,            0.002344
                 234,            0.017625,             0.01261,                   0,             0.90442,             0.78788,             0.85043,             0.61155,             0.02203,            0.021994,                   0,            0.002311,            0.002311,            0.002311
                 235,            0.015673,            0.011876,                   0,             0.90641,             0.78264,             0.84645,             0.59318,            0.024951,            0.022303,                   0,            0.002278,            0.002278,            0.002278
                 236,            0.019872,            0.013459,                   0,             0.89881,             0.77778,              0.8457,             0.60903,            0.022091,            0.022136,                   0,            0.002245,            0.002245,            0.002245
                 237,            0.017608,            0.012409,                   0,             0.89817,             0.77778,             0.84499,             0.62046,            0.021581,            0.022263,                   0,            0.002212,            0.002212,            0.002212
                 238,             0.01752,            0.012635,                   0,             0.90665,             0.78482,             0.84457,             0.61321,            0.022654,            0.022475,                   0,            0.002179,            0.002179,            0.002179
                 239,            0.017268,             0.01212,                   0,             0.90215,             0.78788,              0.8456,             0.59515,            0.023477,            0.022383,                   0,            0.002146,            0.002146,            0.002146
                 240,            0.018502,            0.011167,                   0,             0.90231,             0.78788,             0.84553,             0.61293,            0.021603,             0.02219,                   0,            0.002113,            0.002113,            0.002113
                 241,            0.016448,            0.013752,                   0,             0.90069,             0.78788,             0.84677,             0.59689,            0.024391,            0.022406,                   0,             0.00208,             0.00208,             0.00208
                 242,            0.017398,            0.013923,                   0,              0.9014,             0.78788,              0.8477,              0.6119,            0.022044,            0.022291,                   0,            0.002047,            0.002047,            0.002047
                 243,            0.017028,            0.011244,                   0,             0.90287,             0.78788,             0.84657,              0.6014,            0.022946,            0.022279,                   0,            0.002014,            0.002014,            0.002014
                 244,            0.017753,             0.01184,                   0,             0.90251,             0.78788,             0.85128,             0.61513,            0.022274,            0.022187,                   0,            0.001981,            0.001981,            0.001981
                 245,            0.016988,            0.011989,                   0,             0.90523,             0.78788,             0.85169,             0.61175,            0.023374,            0.022102,                   0,            0.001948,            0.001948,            0.001948
                 246,            0.016628,            0.012887,                   0,             0.90183,             0.78788,              0.8483,             0.61656,            0.022531,            0.022076,                   0,            0.001915,            0.001915,            0.001915
                 247,              0.0162,            0.012013,                   0,             0.90181,             0.78788,             0.85218,             0.61716,            0.023237,            0.022138,                   0,            0.001882,            0.001882,            0.001882
                 248,             0.01641,            0.011423,                   0,             0.90391,             0.78788,             0.85381,             0.62091,            0.021918,            0.022015,                   0,            0.001849,            0.001849,            0.001849
                 249,            0.015469,            0.013399,                   0,             0.90232,             0.78788,             0.85178,             0.61935,            0.021787,            0.021924,                   0,            0.001816,            0.001816,            0.001816
                 250,            0.014788,            0.012071,                   0,              0.8999,             0.78788,             0.85117,             0.62707,            0.021423,            0.021758,                   0,            0.001783,            0.001783,            0.001783
                 251,            0.015106,            0.011419,                   0,             0.89738,             0.79499,             0.85256,             0.62038,            0.022984,            0.021689,                   0,             0.00175,             0.00175,             0.00175
                 252,            0.017211,            0.012638,                   0,             0.87594,             0.80808,              0.8543,             0.62597,            0.021399,             0.02168,                   0,            0.001717,            0.001717,            0.001717
                 253,            0.015774,            0.012239,                   0,             0.86853,             0.80079,             0.85132,             0.62172,            0.021893,            0.021649,                   0,            0.001684,            0.001684,            0.001684
                 254,            0.016113,            0.012196,                   0,             0.86824,             0.80808,             0.85071,             0.62383,             0.02183,             0.02178,                   0,            0.001651,            0.001651,            0.001651
                 255,            0.015453,            0.012725,                   0,             0.86764,             0.78788,             0.84946,             0.61253,            0.022125,             0.02208,                   0,            0.001618,            0.001618,            0.001618
                 256,            0.015802,            0.012535,                   0,             0.85254,             0.81761,             0.84797,             0.61399,            0.022048,            0.022204,                   0,            0.001585,            0.001585,            0.001585
                 257,            0.015729,            0.011305,                   0,             0.87307,             0.78788,             0.84675,             0.61651,            0.022925,            0.022298,                   0,            0.001552,            0.001552,            0.001552
                 258,            0.015498,            0.012507,                   0,             0.87329,             0.79798,             0.84841,             0.61799,            0.021891,             0.02219,                   0,            0.001519,            0.001519,            0.001519
                 259,              0.0147,            0.011498,                   0,             0.87298,             0.79798,             0.84535,               0.614,            0.022157,            0.022199,                   0,            0.001486,            0.001486,            0.001486
                 260,            0.015873,            0.012102,                   0,             0.87038,             0.79798,             0.84653,             0.61945,            0.022426,            0.022248,                   0,            0.001453,            0.001453,            0.001453
                 261,            0.015766,            0.011734,                   0,             0.85162,             0.81167,             0.84581,             0.61943,            0.021756,            0.022153,                   0,             0.00142,             0.00142,             0.00142
                 262,            0.014998,            0.012858,                   0,             0.84829,             0.80808,             0.84716,             0.62528,            0.021757,            0.022258,                   0,            0.001387,            0.001387,            0.001387
                 263,            0.014572,            0.011582,                   0,             0.85261,             0.81804,             0.84575,             0.62354,             0.02261,            0.022382,                   0,            0.001354,            0.001354,            0.001354
                 264,            0.015006,             0.01052,                   0,             0.84308,             0.81405,             0.84496,             0.62607,            0.022024,            0.022349,                   0,            0.001321,            0.001321,            0.001321
                 265,            0.016071,            0.011341,                   0,             0.84147,             0.81818,             0.84591,             0.62062,            0.022055,             0.02242,                   0,            0.001288,            0.001288,            0.001288
                 266,            0.014945,            0.010928,                   0,             0.84373,             0.81818,             0.84548,              0.6252,            0.022003,            0.022388,                   0,            0.001255,            0.001255,            0.001255
                 267,            0.014351,            0.011641,                   0,             0.83996,             0.81818,             0.84817,             0.63147,            0.021928,            0.022208,                   0,            0.001222,            0.001222,            0.001222
                 268,            0.014487,            0.011795,                   0,             0.84274,             0.81195,             0.84854,             0.62915,            0.022081,            0.022109,                   0,            0.001189,            0.001189,            0.001189
                 269,            0.014659,            0.011746,                   0,             0.84245,             0.81021,             0.84838,             0.63017,            0.022107,            0.021994,                   0,            0.001156,            0.001156,            0.001156
                 270,            0.013992,            0.012313,                   0,             0.85937,             0.80247,             0.84844,             0.63395,              0.0218,            0.021935,                   0,            0.001123,            0.001123,            0.001123
                 271,            0.014287,            0.011286,                   0,             0.86086,             0.79798,              0.8473,             0.62995,            0.022017,            0.021839,                   0,             0.00109,             0.00109,             0.00109
                 272,            0.013821,            0.010609,                   0,             0.86173,             0.79798,              0.8481,             0.63222,            0.021715,            0.021949,                   0,            0.001057,            0.001057,            0.001057
                 273,            0.014625,            0.011854,                   0,             0.85171,             0.81227,             0.84838,             0.62888,            0.021876,            0.021976,                   0,            0.001024,            0.001024,            0.001024
                 274,            0.014497,            0.012854,                   0,             0.85311,             0.80808,             0.84754,             0.63019,            0.021663,             0.02196,                   0,            0.000991,            0.000991,            0.000991
                 275,            0.013187,            0.010911,                   0,             0.86116,             0.81452,              0.8504,             0.62425,            0.021854,             0.02205,                   0,            0.000958,            0.000958,            0.000958
                 276,            0.014525,            0.011897,                   0,             0.85486,             0.80808,             0.84838,             0.62572,            0.021447,             0.02201,                   0,            0.000925,            0.000925,            0.000925
                 277,            0.014154,            0.012082,                   0,             0.85439,             0.81818,             0.84972,             0.62605,            0.021642,            0.021996,                   0,            0.000892,            0.000892,            0.000892
                 278,            0.013809,            0.011435,                   0,             0.85281,             0.81818,              0.8505,             0.62845,            0.021525,            0.022025,                   0,            0.000859,            0.000859,            0.000859
                 279,               0.013,            0.011523,                   0,             0.85121,             0.80901,             0.84928,             0.62557,            0.021473,            0.022144,                   0,            0.000826,            0.000826,            0.000826
                 280,            0.013664,            0.010932,                   0,             0.85148,             0.81078,             0.84716,             0.62611,            0.021821,            0.022185,                   0,            0.000793,            0.000793,            0.000793
                 281,            0.015241,            0.011636,                   0,             0.85173,             0.81235,             0.84872,             0.61927,            0.021592,            0.022145,                   0,             0.00076,             0.00076,             0.00076
                 282,            0.013476,            0.011697,                   0,             0.83509,             0.82828,             0.84451,             0.62034,             0.02154,            0.022107,                   0,            0.000727,            0.000727,            0.000727
                 283,            0.013656,            0.011747,                   0,              0.8361,             0.82828,             0.84565,             0.62985,            0.021474,            0.022172,                   0,            0.000694,            0.000694,            0.000694
                 284,            0.014644,             0.01251,                   0,             0.83521,             0.82828,             0.84506,             0.62495,            0.021506,            0.022079,                   0,            0.000661,            0.000661,            0.000661
                 285,            0.014898,            0.011768,                   0,             0.83662,             0.82759,             0.84486,              0.6215,            0.021506,             0.02208,                   0,            0.000628,            0.000628,            0.000628
                 286,            0.013969,            0.010585,                   0,             0.84658,             0.80808,             0.84475,             0.62078,            0.021577,            0.022111,                   0,            0.000595,            0.000595,            0.000595
                 287,            0.015225,            0.011863,                   0,             0.84698,             0.80808,             0.84651,             0.62458,            0.021599,            0.022217,                   0,            0.000562,            0.000562,            0.000562
                 288,            0.013128,            0.010833,                   0,              0.8475,             0.80808,             0.84646,             0.62042,            0.021629,            0.022252,                   0,            0.000529,            0.000529,            0.000529
                 289,            0.013608,            0.011114,                   0,             0.87937,             0.77778,             0.84616,             0.62002,            0.021781,            0.022292,                   0,            0.000496,            0.000496,            0.000496
                 290,            0.013644,            0.011732,                   0,             0.88081,             0.77778,             0.84495,             0.62326,            0.021796,            0.022302,                   0,            0.000463,            0.000463,            0.000463
                 291,            0.012989,            0.011373,                   0,             0.88536,             0.78015,             0.84555,             0.62504,            0.021822,            0.022346,                   0,             0.00043,             0.00043,             0.00043
                 292,            0.013755,            0.012102,                   0,             0.88525,             0.77926,             0.84506,             0.62041,            0.021784,            0.022395,                   0,            0.000397,            0.000397,            0.000397
                 293,            0.013533,            0.010755,                   0,             0.88318,             0.77778,             0.84519,              0.6239,            0.021637,            0.022415,                   0,            0.000364,            0.000364,            0.000364
                 294,            0.013025,           0.0097324,                   0,             0.88123,             0.77778,             0.84523,             0.62359,            0.021617,            0.022456,                   0,            0.000331,            0.000331,            0.000331
                 295,            0.013279,            0.011844,                   0,             0.87572,             0.78298,             0.84551,             0.62591,            0.021764,            0.022483,                   0,            0.000298,            0.000298,            0.000298
                 296,            0.012588,            0.010079,                   0,             0.87561,             0.78216,             0.84526,             0.62364,            0.021675,            0.022493,                   0,            0.000265,            0.000265,            0.000265
                 297,            0.013261,            0.010164,                   0,             0.87622,             0.78653,             0.84498,             0.62136,            0.021721,            0.022525,                   0,            0.000232,            0.000232,            0.000232
                 298,            0.013741,            0.010616,                   0,               0.876,             0.78497,             0.84494,             0.62066,            0.021747,            0.022523,                   0,            0.000199,            0.000199,            0.000199
                 299,            0.013281,            0.010587,                   0,             0.88629,             0.78732,             0.84507,             0.62134,            0.021652,            0.022555,                   0,            0.000166,            0.000166,            0.000166
